OrderID,Name,City,Category,Product,Quantity,Unit Pice,Discount,Total Sales,Payment Method,Returned,Dates,Day,Month
2,Javaid Imran,Faisalabad,Furniture,Bed,4,21834,10,78602.4,Cash,No,2026-01-18,6,1
2,Jashaid Malik,Multan,Grocery,Rice,4,27982,0,111928.0,Online,No,2026-11-27,16,11
2,Zulaiha Shahab,Karachi,Sports,Wickets,2,33879,20,54206.4,Cash,Yes,2026-11-05,11,11
2,Eman Malik,Multan,Electronics,Mobile,1,13070,0,13070.0,Cash,Yes,2026-09-04,1,9
2,Javaid Moiz,Islamabad,Clothing,Shoes,5,39289,5,186622.75,Card,No,2026-06-04,14,6
2,Jashaid Moiz,Rawalpindi,Clothing,T-shirts,1,34523,10,31070.7,Card,No,2026-04-26,8,4
2,Eman Qamar,Faisalabad,Electronics,SmartWatch,4,47732,0,190928.0,Card,No,2026-10-06,23,10
2,Sara Junaid,Multan,Sports,Basket Ball,4,16429,5,62430.2,Cash,Yes,2026-08-22,27,8
2,Usman Tariq,Peshawar,Sports,Gloves,3,8582,10,23171.4,Online,No,2026-08-23,28,8
2,Eman Malik,Karachi,Furniture,Desk,1,45255,5,42992.25,Cash,Yes,2026-02-01,5,2
2,Javaid Ahmed,Karachi,Sports,Tennis Ball,1,32196,15,27366.6,Card,Yes,2026-07-10,11,7
2,Javaid Qasim,Lahore,Clothing,Jacket,2,48449,10,87208.2,Card,Yes,2026-11-09,29,11
2,John Azhar,Islamabad,Grocery,Eggs,1,27648,0,27648.0,Cash,No,2026-05-08,16,5
2,Eman Kamran,Lahore,Clothing,T-shirts,2,12417,10,22350.6,Online,Yes,2026-02-19,14,2
2,Waleed Khan,Multan,Grocery,Milk,4,37656,20,120499.2,Cash,Yes,2026-10-25,27,10
2,Taha Hashir,Multan,Grocery,Milk,1,3789,20,3031.2,Card,Yes,2026-12-27,6,12
2,Iqra Junaid,Peshawar,Clothing,Shoes,2,9801,15,16661.7,Online,Yes,2026-09-26,25,9
2,Tanveer Khan,Multan,Clothing,Pant,1,2187,15,1858.95,Card,Yes,2026-07-06,24,7
2,Iqra Malik,Islamabad,Electronics,Mobile,2,31288,0,62576.0,Cash,Yes,2026-09-07,4,9
2,Ali Azhar,Karachi,Sports,Gloves,3,4138,10,11172.6,Card,No,2026-07-01,28,7
2,Javaid Qamar,Peshawar,Clothing,Pant,3,2520,20,6048.0,Online,No,2026-10-24,6,10
2,John Ahmed,Peshawar,Furniture,Desk,2,12565,15,21360.5,Cash,No,2026-02-28,28,2
2,Jashaid Imran,Islamabad,Furniture,Table,1,38241,0,38241.0,Cash,Yes,2026-01-17,20,1
2,Ahmed Tariq,Lahore,Clothing,Pant,2,10966,10,19738.8,Cash,Yes,2026-05-28,8,5
2,Ali Kamran,Multan,Grocery,Rice,3,868,15,2213.4,Card,Yes,2026-05-07,12,5
2,Ahmed Ahmed,Multan,Electronics,Laptop,3,24635,10,66514.5,Cash,No,2026-07-22,8,7
2,Taha Kamran,Islamabad,Electronics,Laptop,4,41781,10,150411.6,Card,Yes,2026-08-13,3,8
2,Ahmed Moiz,Islamabad,Electronics,SmartWatch,1,29889,20,23911.2,Card,No,2026-02-15,18,2
2,Ahmed Ahmed,Peshawar,Sports,Gloves,3,22320,0,66960.0,Online,Yes,2026-03-11,23,3
2,John Malik,Lahore,Grocery,Bread,4,26920,15,91528.0,Card,No,2026-01-17,12,1
2,John Moiz,Rawalpindi,Electronics,SmartWatch,1,22982,5,21832.9,Cash,Yes,2026-09-19,2,9
2,Tanveer Ahmed,Multan,Clothing,Jacket,5,19418,5,92235.5,Card,Yes,2026-02-18,3,2
2,Zain Hashir,Multan,Sports,Wickets,3,45898,0,137694.0,Cash,No,2026-11-29,8,11
2,Zain Hashir,Islamabad,Sports,Tennis Ball,4,44531,5,169217.8,Card,No,2026-09-20,3,9
2,Zain Nasir,Islamabad,Sports,Bat,4,16099,15,54736.6,Card,No,2026-01-23,30,1
2,Ali Shahab,Islamabad,Sports,Wickets,1,17412,15,14800.2,Online,No,2026-02-26,27,2
2,Peter Kamran,Rawalpindi,Furniture,Desk,4,48430,15,164662.0,Cash,Yes,2026-04-13,16,4
2,Zulaiha Moiz,Islamabad,Sports,Basket Ball,2,23588,15,40099.6,Card,Yes,2026-11-19,15,11
2,Taha Ahmed,Karachi,Electronics,Laptop,4,47314,20,151404.8,Cash,No,2026-06-14,20,6
2,Jashaid Nasir,Lahore,Furniture,Desk,2,3352,10,6033.6,Cash,Yes,2026-12-16,21,12
2,Ahmed Kamran,Lahore,Clothing,Shoes,5,17948,10,80766.0,Cash,Yes,2026-02-08,8,2
2,Taha Qasim,Peshawar,Sports,Bat,2,2524,10,4543.2,Cash,No,2026-02-12,23,2
2,Sara Kamran,Karachi,Sports,Basket Ball,4,40831,0,163324.0,Online,Yes,2026-05-18,17,5
2,Zulaiha Moiz,Lahore,Furniture,Sofa,5,29238,5,138880.5,Card,Yes,2026-03-02,22,3
2,Waleed Hashir,Lahore,Sports,Football,5,17157,15,72917.25,Online,No,2026-12-06,30,12
2,Sara Qamar,Karachi,Clothing,T-shirts,1,46049,10,41444.1,Cash,No,2026-12-02,21,12
2,Zainab Qasim,Karachi,Sports,Bat,5,38576,15,163948.0,Card,No,2026-08-07,13,8
2,John Junaid,Faisalabad,Furniture,Table,5,41799,0,208995.0,Online,No,2026-05-12,5,5
2,James Ahmed,Faisalabad,Clothing,Jacket,2,35408,0,70816.0,Cash,Yes,2026-12-12,10,12
2,Eman Malik,Multan,Electronics,Headphones,2,10963,0,21926.0,Cash,No,2026-07-30,20,7
2,Jashaid Kamran,Faisalabad,Clothing,Shoes,5,40169,20,160676.0,Online,Yes,2026-09-13,23,9
2,Taha Khan,Rawalpindi,Clothing,Shoes,4,35762,15,121590.8,Card,No,2026-01-25,9,1
2,Eman Imran,Islamabad,Sports,Gloves,2,9469,5,17991.1,Online,No,2026-12-07,25,12
2,Iqra Imran,Karachi,Furniture,Desk,3,17055,10,46048.5,Cash,No,2026-07-22,29,7
2,Zainab Azhar,Karachi,Sports,Tennis Ball,5,36944,0,184720.0,Online,No,2026-08-20,11,8
2,Sara Hashir,Islamabad,Furniture,Bed,1,18620,20,14896.0,Cash,Yes,2026-10-08,27,10
2,Taha Moiz,Islamabad,Furniture,Table,3,9626,5,27434.1,Cash,No,2026-12-24,24,12
2,Waleed Junaid,Karachi,Grocery,Milk,5,33777,5,160440.75,Online,Yes,2026-07-12,17,7
2,James Qamar,Peshawar,Grocery,Eggs,5,18961,15,80584.25,Online,No,2026-03-12,7,3
2,Ahmed Nasir,Karachi,Clothing,Pant,4,15746,5,59834.8,Card,No,2026-12-30,28,12
2,John Tariq,Islamabad,Furniture,Bed,4,4244,15,14429.6,Cash,Yes,2026-02-05,5,2
2,Javaid Malik,Islamabad,Grocery,Rice,2,49493,10,89087.4,Online,Yes,2026-12-28,24,12
2,Zulaiha Qasim,Lahore,Sports,Wickets,5,28890,0,144450.0,Card,No,2026-10-13,22,10
2,James Nasir,Faisalabad,Electronics,SmartWatch,5,24869,10,111910.5,Online,Yes,2026-07-29,18,7
2,Iqra Azhar,Lahore,Grocery,Eggs,3,6919,20,16605.6,Online,No,2026-06-25,15,6
2,Taha Junaid,Multan,Grocery,Milk,4,37492,10,134971.2,Cash,Yes,2026-07-11,22,7
2,Tanveer Nasir,Multan,Furniture,Desk,1,8529,5,8102.55,Card,Yes,2026-10-16,23,10
2,Zain Nasir,Peshawar,Clothing,T-shirts,2,40778,15,69322.6,Card,Yes,2026-08-16,16,8
2,Tanveer Hashir,Faisalabad,Grocery,Bread,1,28654,5,27221.3,Card,Yes,2026-02-18,13,2
2,Taha Junaid,Peshawar,Grocery,Rice,3,28708,20,68899.2,Online,Yes,2026-08-05,19,8
2,Taha Moiz,Rawalpindi,Sports,Bat,4,36436,15,123882.4,Cash,No,2026-09-22,14,9
2,Usman Usmani,Rawalpindi,Grocery,Eggs,1,24089,5,22884.55,Cash,Yes,2026-07-09,12,7
2,Zain Junaid,Lahore,Furniture,Desk,1,8185,5,7775.75,Cash,Yes,2026-09-05,18,9
2,John Ahmed,Faisalabad,Electronics,Mobile,2,22043,15,37473.1,Card,Yes,2026-03-03,25,3
2,Taha Nisar,Faisalabad,Clothing,Pant,1,28976,15,24629.6,Online,Yes,2026-04-07,18,4
2,Zulaiha Qamar,Peshawar,Electronics,Mobile,4,21005,20,67216.0,Cash,No,2026-12-15,4,12
2,Iqra Moiz,Lahore,Clothing,Jacket,3,47673,10,128717.1,Card,No,2026-11-07,20,11
2,Sara Khan,Karachi,Grocery,Eggs,5,13329,20,53316.0,Cash,Yes,2026-08-12,9,8
2,Peter Nasir,Islamabad,Sports,Gloves,1,37818,5,35927.1,Online,No,2026-09-01,6,9
2,Ali Imran,Peshawar,Grocery,Bread,3,30302,20,72724.8,Online,No,2026-06-11,25,6
2,Zain Qamar,Rawalpindi,Electronics,Headphones,4,44153,15,150120.2,Online,No,2026-05-02,9,5
2,John Khan,Multan,Clothing,Jacket,5,4195,5,19926.25,Card,Yes,2026-09-29,8,9
2,Jashaid Ahmed,Karachi,Grocery,Milk,3,33435,10,90274.5,Online,No,2026-12-05,7,12
2,Waleed Hashir,Faisalabad,Clothing,T-shirts,3,37240,10,100548.0,Online,Yes,2026-08-13,13,8
2,Zain Khan,Peshawar,Furniture,Table,4,22091,5,83945.8,Cash,No,2026-04-12,18,4
2,Taha Hashir,Islamabad,Electronics,SmartWatch,2,27461,0,54922.0,Card,Yes,2026-02-05,8,2
2,Zain Moiz,Rawalpindi,Electronics,SmartWatch,5,35860,5,170335.0,Cash,Yes,2026-04-28,17,4
2,Jashaid Nisar,Multan,Electronics,Laptop,1,31308,20,25046.4,Online,Yes,2026-08-30,15,8
2,Ali Ahmed,Lahore,Electronics,Laptop,4,39203,10,141130.8,Cash,Yes,2026-03-21,11,3
2,Tanveer Imran,Faisalabad,Grocery,Milk,5,30677,0,153385.0,Cash,Yes,2026-12-07,21,12
2,Sara Tariq,Multan,Grocery,Eggs,1,9486,5,9011.7,Online,No,2026-01-06,19,1
2,Peter Azhar,Peshawar,Clothing,T-shirts,5,41289,15,175478.25,Cash,Yes,2026-08-21,25,8
2,Ali Kamran,Lahore,Clothing,Jacket,4,4090,0,16360.0,Online,Yes,2026-05-06,21,5
2,Zulaiha Moiz,Faisalabad,Electronics,SmartWatch,3,48776,0,146328.0,Card,No,2026-08-29,21,8
2,Jashaid Shahab,Peshawar,Sports,Tennis Ball,3,38809,0,116427.0,Online,No,2026-08-03,11,8
2,Javaid Malik,Karachi,Sports,Bat,4,48315,15,164271.0,Card,Yes,2026-12-06,18,12
2,Ahmed Imran,Islamabad,Furniture,Bed,5,14431,20,57724.0,Online,No,2026-03-31,22,3
2,Zain Moiz,Multan,Sports,Football,1,43601,20,34880.8,Cash,Yes,2026-07-15,6,7
2,Waleed Tariq,Islamabad,Electronics,SmartWatch,1,22854,15,19425.9,Online,Yes,2026-12-22,16,12
2,Peter Qamar,Faisalabad,Grocery,Bread,3,5972,10,16124.4,Cash,No,2026-11-21,15,11
2,Javaid Kamran,Islamabad,Electronics,Laptop,1,47557,0,47557.0,Cash,No,2026-08-09,16,8
2,Javaid Ahmed,Peshawar,Grocery,Bread,4,10044,10,36158.4,Card,Yes,2026-08-22,6,8
2,Iqra Khan,Rawalpindi,Clothing,Jacket,1,30445,0,30445.0,Card,Yes,2026-05-26,17,5
2,Tanveer Qamar,Rawalpindi,Furniture,Chair,5,26980,20,107920.0,Cash,No,2026-06-02,20,6
2,Iqra Moiz,Multan,Electronics,Mobile,2,49348,5,93761.2,Cash,Yes,2026-08-31,24,8
2,Zainab Azhar,Faisalabad,Grocery,Eggs,2,44982,10,80967.6,Online,Yes,2026-06-08,19,6
2,Zulaiha Nisar,Faisalabad,Furniture,Sofa,4,37378,10,134560.8,Card,No,2026-12-16,12,12
2,Iqra Azhar,Karachi,Furniture,Chair,1,30857,10,27771.3,Cash,Yes,2026-06-23,30,6
2,Peter Moiz,Rawalpindi,Grocery,Rice,1,22316,0,22316.0,Cash,No,2026-08-01,14,8
2,Taha Shahab,Peshawar,Grocery,Eggs,4,43335,20,138672.0,Online,No,2026-05-04,16,5
2,Waleed Ahmed,Karachi,Furniture,Sofa,3,12843,10,34676.1,Cash,Yes,2026-03-11,3,3
2,Javaid Malik,Karachi,Electronics,Mobile,4,30635,0,122540.0,Card,Yes,2026-04-09,8,4
2,Waleed Khan,Islamabad,Sports,Football,1,45370,15,38564.5,Online,Yes,2026-05-02,13,5
2,Usman Kamran,Karachi,Grocery,Rice,2,43560,15,74052.0,Card,Yes,2026-01-29,21,1
2,Peter Shahab,Lahore,Electronics,Headphones,3,5191,5,14794.35,Cash,No,2026-11-24,16,11
2,Ali Khan,Faisalabad,Clothing,Shoes,5,11519,20,46076.0,Cash,Yes,2026-06-01,27,6
2,Zainab Usmani,Rawalpindi,Clothing,Shoes,3,39555,15,100865.25,Online,No,2026-09-10,31,9
2,Jashaid Usmani,Lahore,Electronics,Headphones,3,1705,5,4859.25,Card,No,2026-05-17,30,5
2,Zulaiha Shahab,Lahore,Grocery,Milk,4,34194,20,109420.8,Online,No,2026-10-09,20,10
2,Eman Usmani,Karachi,Furniture,Desk,2,5809,20,9294.4,Cash,No,2026-05-05,8,5
2,Ahmed Qasim,Peshawar,Electronics,Laptop,3,48079,5,137025.15,Card,Yes,2026-01-12,5,1
2,Zain Sohail,Lahore,Electronics,Mobile,2,7149,15,12153.3,Online,Yes,2026-06-24,2,6
2,Zainab Shahab,Peshawar,Furniture,Chair,3,27991,20,67178.4,Cash,Yes,2026-08-02,7,8
2,Waleed Usmani,Rawalpindi,Grocery,Milk,3,29834,20,71601.6,Cash,Yes,2026-04-08,14,4
2,Javaid Nasir,Multan,Electronics,Mobile,4,48888,10,175996.8,Cash,Yes,2026-12-19,27,12
2,Taha Imran,Lahore,Sports,Bat,3,7645,5,21788.25,Online,No,2026-07-01,30,7
2,Taha Imran,Faisalabad,Clothing,Jacket,4,37037,20,118518.4,Online,No,2026-06-27,10,6
2,Iqra Kamran,Multan,Furniture,Sofa,3,27883,10,75284.1,Card,Yes,2026-10-29,6,10
2,Usman Junaid,Lahore,Sports,Tennis Ball,2,30237,5,57450.3,Card,Yes,2026-06-27,13,6
2,Eman Malik,Islamabad,Grocery,Bread,3,14663,5,41789.55,Card,Yes,2026-04-26,3,4
2,Zulaiha Malik,Islamabad,Electronics,SmartWatch,4,30646,5,116454.8,Card,No,2026-09-04,24,9
2,Iqra Junaid,Peshawar,Furniture,Bed,5,12310,10,55395.0,Online,No,2026-01-18,5,1
2,Ali Kamran,Faisalabad,Electronics,Laptop,5,26986,15,114690.5,Online,Yes,2026-05-27,18,5
2,John Khan,Faisalabad,Grocery,Eggs,2,44705,10,80469.0,Cash,No,2026-04-17,9,4
2,Zainab Sohail,Faisalabad,Sports,Wickets,5,8020,10,36090.0,Cash,Yes,2026-08-07,7,8
2,Sara Azhar,Faisalabad,Grocery,Eggs,1,7252,15,6164.2,Cash,Yes,2026-06-01,27,6
2,James Nasir,Rawalpindi,Electronics,Headphones,3,7708,5,21967.8,Online,Yes,2026-05-25,6,5
2,James Moiz,Karachi,Clothing,Pant,1,15766,10,14189.4,Cash,Yes,2026-09-24,25,9
2,Sara Moiz,Peshawar,Electronics,Laptop,1,12989,5,12339.55,Online,No,2026-06-30,18,6
2,Zain Moiz,Faisalabad,Sports,Gloves,4,33236,10,119649.6,Card,Yes,2026-03-27,25,3
2,Ali Junaid,Lahore,Furniture,Desk,2,47724,10,85903.2,Card,No,2026-02-02,6,2
2,Taha Junaid,Peshawar,Furniture,Bed,3,30832,5,87871.2,Cash,Yes,2026-02-16,14,2
2,Zulaiha Usmani,Multan,Furniture,Desk,4,6620,10,23832.0,Card,No,2026-09-10,25,9
2,Zulaiha Usmani,Multan,Clothing,Jacket,2,17945,5,34095.5,Cash,Yes,2026-12-01,7,12
2,Iqra Nisar,Karachi,Electronics,Headphones,2,7451,5,14156.9,Card,No,2026-06-12,30,6
2,Taha Moiz,Multan,Electronics,Headphones,1,21112,0,21112.0,Cash,No,2026-10-02,31,10
2,Tanveer Hashir,Peshawar,Sports,Football,1,14103,15,11987.55,Card,Yes,2026-05-13,3,5
2,Waleed Khan,Faisalabad,Clothing,T-shirts,2,18610,10,33498.0,Cash,No,2026-11-28,10,11
2,Iqra Sohail,Peshawar,Furniture,Desk,3,21916,10,59173.2,Card,No,2026-03-15,8,3
2,Jashaid Khan,Peshawar,Sports,Tennis Ball,4,38722,20,123910.4,Cash,Yes,2026-04-12,7,4
2,James Hashir,Lahore,Sports,Basket Ball,4,13584,5,51619.2,Online,No,2026-06-07,12,6
2,Eman Hashir,Faisalabad,Sports,Basket Ball,2,3411,15,5798.7,Cash,Yes,2026-10-14,17,10
2,Peter Nisar,Multan,Clothing,Jacket,4,14432,10,51955.2,Card,Yes,2026-11-17,4,11
2,Tanveer Ahmed,Faisalabad,Clothing,Pant,4,30301,15,103023.4,Card,No,2026-02-10,30,2
2,Zain Hashir,Faisalabad,Electronics,Mobile,4,14491,10,52167.6,Online,Yes,2026-07-07,3,7
2,Sara Imran,Karachi,Grocery,Eggs,3,6756,10,18241.2,Card,Yes,2026-02-23,27,2
2,Ali Imran,Rawalpindi,Furniture,Bed,4,35992,15,122372.8,Card,Yes,2026-09-13,4,9
2,John Tariq,Rawalpindi,Sports,Basket Ball,3,25179,10,67983.3,Online,Yes,2026-08-23,10,8
2,Waleed Hashir,Faisalabad,Furniture,Desk,1,49596,0,49596.0,Cash,Yes,2026-08-31,14,8
2,Eman Sohail,Lahore,Furniture,Sofa,4,10033,15,34112.2,Online,Yes,2026-10-03,19,10
2,John Malik,Multan,Clothing,Jacket,3,2879,0,8637.0,Online,Yes,2026-02-28,4,2
2,John Nasir,Peshawar,Grocery,Eggs,5,49443,20,197772.0,Cash,No,2026-10-26,10,10
2,John Qamar,Multan,Electronics,Laptop,4,18371,0,73484.0,Online,Yes,2026-06-04,9,6
2,Iqra Junaid,Lahore,Furniture,Sofa,2,15666,20,25065.6,Card,Yes,2026-09-22,19,9
2,Ali Qamar,Karachi,Sports,Gloves,3,43071,10,116291.7,Online,Yes,2026-01-18,17,1
2,John Nisar,Islamabad,Electronics,Laptop,1,4496,0,4496.0,Online,No,2026-04-20,24,4
2,Zainab Hashir,Multan,Electronics,SmartWatch,3,48515,0,145545.0,Cash,Yes,2026-10-27,7,10
2,Waleed Qasim,Peshawar,Electronics,SmartWatch,1,10910,20,8728.0,Cash,Yes,2026-05-19,26,5
2,Ahmed Tariq,Islamabad,Sports,Wickets,3,31090,5,88606.5,Cash,Yes,2026-11-24,21,11
2,Usman Nasir,Faisalabad,Electronics,Headphones,2,30472,15,51802.4,Online,No,2026-10-05,23,10
2,Iqra Junaid,Peshawar,Grocery,Eggs,5,21179,20,84716.0,Cash,No,2026-02-21,23,2
2,Peter Qamar,Multan,Furniture,Chair,3,17643,15,44989.65,Online,No,2026-07-15,7,7
2,Tanveer Azhar,Peshawar,Electronics,Headphones,1,15002,10,13501.8,Cash,No,2026-08-23,17,8
2,Eman Kamran,Islamabad,Clothing,Pant,4,49452,10,178027.2,Card,No,2026-10-30,4,10
2,Sara Kamran,Karachi,Furniture,Table,2,24477,10,44058.6,Card,Yes,2026-12-17,4,12
2,Taha Azhar,Peshawar,Sports,Football,5,35127,5,166853.25,Online,No,2026-06-14,20,6
2,Ali Qasim,Lahore,Sports,Wickets,5,34071,10,153319.5,Cash,Yes,2026-06-10,21,6
2,James Khan,Peshawar,Electronics,Headphones,2,43458,10,78224.4,Online,No,2026-01-05,28,1
2,Taha Qasim,Faisalabad,Grocery,Milk,5,35868,5,170373.0,Online,Yes,2026-07-02,29,7
2,Iqra Khan,Lahore,Sports,Basket Ball,4,15135,5,57513.0,Cash,Yes,2026-05-21,8,5
2,Zainab Qamar,Multan,Grocery,Milk,1,18318,0,18318.0,Cash,Yes,2026-05-26,24,5
2,Sara Kamran,Lahore,Electronics,SmartWatch,3,44955,20,107892.0,Card,Yes,2026-04-07,5,4
2,Zain Nasir,Rawalpindi,Grocery,Bread,4,36628,15,124535.2,Card,Yes,2026-03-18,6,3
2,Ahmed Sohail,Islamabad,Grocery,Eggs,2,39307,0,78614.0,Cash,No,2026-05-19,3,5
2,Ali Shahab,Rawalpindi,Electronics,Headphones,5,30096,10,135432.0,Cash,No,2026-04-24,29,4
2,Waleed Malik,Islamabad,Clothing,Pant,2,47796,10,86032.8,Online,Yes,2026-11-20,14,11
2,Javaid Tariq,Faisalabad,Sports,Football,2,14808,10,26654.4,Card,Yes,2026-05-08,20,5
2,Tanveer Shahab,Peshawar,Clothing,T-shirts,1,24948,15,21205.8,Online,Yes,2026-03-09,11,3
2,Tanveer Azhar,Karachi,Sports,Football,3,36457,0,109371.0,Cash,No,2026-06-06,6,6
2,Javaid Hashir,Rawalpindi,Clothing,Jacket,2,925,5,1757.5,Cash,Yes,2026-02-25,4,2
2,Zulaiha Imran,Karachi,Furniture,Sofa,3,17578,5,50097.3,Card,No,2026-11-22,24,11
2,Waleed Qamar,Lahore,Furniture,Bed,5,43387,5,206088.25,Card,Yes,2026-12-01,13,12
2,Zainab Ahmed,Peshawar,Clothing,T-shirts,5,2312,20,9248.0,Online,Yes,2026-11-27,4,11
2,Peter Malik,Rawalpindi,Clothing,Jacket,4,37930,5,144134.0,Online,Yes,2026-07-11,22,7
2,Zulaiha Usmani,Lahore,Clothing,Jacket,1,44068,15,37457.8,Card,Yes,2026-12-01,22,12
2,Ali Qamar,Multan,Grocery,Rice,2,43009,15,73115.3,Online,Yes,2026-05-01,20,5
2,Taha Malik,Peshawar,Clothing,T-shirts,4,38792,20,124134.4,Online,Yes,2026-03-05,7,3
2,Iqra Imran,Multan,Sports,Football,2,43131,0,86262.0,Cash,No,2026-09-02,4,9
2,Ali Qasim,Multan,Sports,Football,3,48343,5,137777.55,Card,Yes,2026-01-22,19,1
2,Sara Imran,Lahore,Clothing,Shoes,3,24528,5,69904.8,Online,Yes,2026-11-25,12,11
2,Ali Imran,Rawalpindi,Grocery,Bread,1,48686,20,38948.8,Card,Yes,2026-07-18,7,7
2,Usman Khan,Lahore,Furniture,Sofa,4,24083,0,96332.0,Online,Yes,2026-12-01,18,12
2,Peter Malik,Multan,Electronics,Laptop,2,26131,10,47035.8,Cash,Yes,2026-10-27,27,10
2,James Ahmed,Faisalabad,Grocery,Rice,5,42201,15,179354.25,Card,No,2026-07-05,2,7
2,Usman Azhar,Faisalabad,Grocery,Bread,4,25700,10,92520.0,Online,No,2026-09-05,12,9
2,Zain Usmani,Faisalabad,Grocery,Milk,1,2050,20,1640.0,Cash,No,2026-11-16,10,11
2,James Nisar,Peshawar,Furniture,Sofa,5,23392,0,116960.0,Online,No,2026-09-11,19,9
2,James Nasir,Karachi,Sports,Wickets,1,2433,10,2189.7,Card,Yes,2026-03-11,1,3
2,Waleed Malik,Rawalpindi,Sports,Bat,3,27265,10,73615.5,Cash,Yes,2026-05-16,21,5
2,Zulaiha Hashir,Rawalpindi,Sports,Wickets,2,903,20,1444.8,Online,No,2026-11-12,23,11
2,Ahmed Qamar,Rawalpindi,Sports,Basket Ball,3,24114,20,57873.6,Card,No,2026-01-30,4,1
2,Iqra Sohail,Karachi,Clothing,T-shirts,2,47239,15,80306.3,Online,Yes,2026-08-15,8,8
2,Peter Moiz,Faisalabad,Grocery,Bread,3,38184,15,97369.2,Online,No,2026-04-05,15,4
2,Javaid Tariq,Rawalpindi,Electronics,Laptop,1,7023,15,5969.55,Card,No,2026-11-04,4,11
2,Zain Usmani,Islamabad,Grocery,Bread,3,14039,15,35799.45,Online,Yes,2026-10-20,2,10
2,Iqra Nasir,Rawalpindi,Electronics,Headphones,4,9722,5,36943.6,Cash,Yes,2026-03-04,17,3
2,Ali Khan,Rawalpindi,Grocery,Rice,3,40364,10,108982.8,Card,No,2026-04-19,30,4
2,Eman Ahmed,Rawalpindi,Clothing,T-shirts,2,35474,5,67400.6,Card,Yes,2026-08-02,7,8
2,Iqra Qamar,Rawalpindi,Sports,Wickets,1,22263,20,17810.4,Cash,Yes,2026-09-28,29,9
2,Ahmed Nisar,Peshawar,Electronics,SmartWatch,2,4298,20,6876.8,Online,Yes,2026-08-05,31,8
2,Sara Nisar,Karachi,Electronics,SmartWatch,4,43197,10,155509.2,Cash,Yes,2026-05-30,13,5
2,James Qasim,Faisalabad,Electronics,Laptop,2,16068,5,30529.2,Cash,Yes,2026-05-20,9,5
2,Jashaid Khan,Islamabad,Clothing,Pant,5,30473,0,152365.0,Online,No,2026-11-18,18,11
2,John Nisar,Faisalabad,Electronics,Headphones,5,41094,5,195196.5,Card,No,2026-03-22,3,3
2,Javaid Nisar,Multan,Grocery,Milk,2,27843,10,50117.4,Card,No,2026-04-20,11,4
2,Usman Kamran,Multan,Electronics,SmartWatch,3,27808,5,79252.8,Cash,Yes,2026-11-09,11,11
2,Eman Nasir,Lahore,Clothing,Pant,4,48064,0,192256.0,Cash,Yes,2026-02-11,4,2
2,Iqra Imran,Islamabad,Grocery,Rice,2,3882,20,6211.2,Card,No,2026-10-07,14,10
2,Ali Qasim,Multan,Furniture,Sofa,2,1764,5,3351.6,Card,Yes,2026-06-28,19,6
2,Javaid Junaid,Lahore,Clothing,Pant,5,49164,10,221238.0,Online,Yes,2026-02-03,15,2
2,Ali Hashir,Peshawar,Furniture,Desk,3,4418,15,11265.9,Card,No,2026-03-02,29,3
2,James Khan,Peshawar,Electronics,SmartWatch,1,5664,5,5380.8,Online,Yes,2026-11-27,28,11
2,Iqra Qasim,Islamabad,Electronics,Headphones,4,20814,10,74930.4,Online,Yes,2026-12-24,26,12
2,Zainab Shahab,Islamabad,Sports,Bat,3,19309,10,52134.3,Online,No,2026-03-04,25,3
2,Taha Qasim,Multan,Grocery,Milk,5,23594,0,117970.0,Online,No,2026-11-30,26,11
2,John Nasir,Karachi,Furniture,Sofa,4,12378,0,49512.0,Card,No,2026-11-20,2,11
2,James Qamar,Rawalpindi,Electronics,Laptop,3,16611,15,42358.05,Card,Yes,2026-08-19,8,8
2,Taha Tariq,Peshawar,Furniture,Bed,3,11292,5,32182.2,Cash,No,2026-05-09,8,5
2,Tanveer Khan,Peshawar,Furniture,Desk,5,43241,10,194584.5,Cash,No,2026-06-11,29,6
2,Usman Imran,Lahore,Furniture,Table,4,28485,10,102546.0,Online,No,2026-07-15,5,7
2,Eman Kamran,Multan,Furniture,Table,4,2749,20,8796.8,Online,No,2026-05-28,3,5
2,Zulaiha Ahmed,Rawalpindi,Furniture,Table,4,21421,0,85684.0,Online,No,2026-09-07,10,9
2,Taha Imran,Lahore,Grocery,Bread,2,7722,10,13899.6,Cash,No,2026-04-18,13,4
2,Ali Malik,Lahore,Grocery,Eggs,4,9877,0,39508.0,Cash,Yes,2026-12-19,3,12
2,Javaid Qamar,Rawalpindi,Grocery,Rice,5,572,20,2288.0,Online,Yes,2026-07-30,27,7
2,James Tariq,Faisalabad,Electronics,SmartWatch,2,43818,10,78872.4,Cash,Yes,2026-12-08,9,12
2,James Shahab,Faisalabad,Sports,Tennis Ball,4,10657,5,40496.6,Card,No,2026-10-25,19,10
2,Taha Usmani,Multan,Sports,Tennis Ball,3,17723,10,47852.1,Online,No,2026-07-25,21,7
2,Iqra Ahmed,Rawalpindi,Sports,Wickets,1,40488,20,32390.4,Online,Yes,2026-01-14,26,1
2,Peter Khan,Peshawar,Furniture,Chair,3,31982,10,86351.4,Cash,Yes,2026-03-24,29,3
2,Jashaid Qasim,Karachi,Sports,Wickets,5,7715,0,38575.0,Cash,No,2026-06-19,11,6
2,Taha Nisar,Lahore,Sports,Bat,5,1388,20,5552.0,Card,No,2026-07-09,10,7
2,Eman Imran,Faisalabad,Furniture,Bed,4,22328,10,80380.8,Card,Yes,2026-06-22,31,6
2,Ali Moiz,Karachi,Grocery,Milk,4,2589,10,9320.4,Online,Yes,2026-03-01,19,3
2,Tanveer Azhar,Rawalpindi,Sports,Wickets,5,8530,15,36252.5,Cash,No,2026-07-30,1,7
2,Jashaid Junaid,Peshawar,Grocery,Milk,5,7544,0,37720.0,Online,No,2026-06-02,6,6
2,Iqra Azhar,Rawalpindi,Clothing,Jacket,4,45938,20,147001.6,Online,Yes,2026-07-24,28,7
2,Jashaid Ahmed,Faisalabad,Grocery,Rice,5,30286,0,151430.0,Card,Yes,2026-11-16,8,11
2,Taha Junaid,Multan,Electronics,Laptop,4,31023,20,99273.6,Card,Yes,2026-02-13,31,2
2,Zain Shahab,Peshawar,Furniture,Desk,4,45349,15,154186.6,Card,Yes,2026-02-12,13,2
2,Taha Ahmed,Peshawar,Electronics,Mobile,3,49620,5,141417.0,Cash,No,2026-04-02,14,4
2,Jashaid Shahab,Islamabad,Grocery,Eggs,5,5150,15,21887.5,Online,Yes,2026-06-12,12,6
2,Zulaiha Malik,Faisalabad,Grocery,Rice,3,5061,0,15183.0,Cash,No,2026-08-05,9,8
2,Tanveer Moiz,Lahore,Electronics,Mobile,2,17887,15,30407.9,Cash,No,2026-02-07,29,2
2,Zainab Shahab,Multan,Furniture,Table,5,49139,5,233410.25,Online,No,2026-02-12,17,2
2,Eman Qasim,Faisalabad,Clothing,Pant,4,25894,5,98397.2,Card,No,2026-11-01,29,11
2,Waleed Malik,Faisalabad,Furniture,Bed,4,6323,5,24027.4,Cash,No,2026-11-20,21,11
2,Zainab Imran,Faisalabad,Furniture,Table,3,16715,0,50145.0,Cash,No,2026-12-18,16,12
2,James Malik,Karachi,Electronics,SmartWatch,4,28321,20,90627.2,Card,Yes,2026-06-02,14,6
2,James Nisar,Islamabad,Furniture,Table,5,39892,0,199460.0,Card,No,2026-07-31,10,7
2,Tanveer Junaid,Faisalabad,Furniture,Table,1,19382,15,16474.7,Card,No,2026-08-09,12,8
2,Sara Tariq,Peshawar,Grocery,Eggs,4,48554,20,155372.8,Card,Yes,2026-12-03,29,12
2,Zainab Qamar,Peshawar,Clothing,Shoes,2,44810,0,89620.0,Cash,No,2026-02-25,26,2
2,Eman Tariq,Islamabad,Grocery,Milk,4,12775,20,40880.0,Card,No,2026-11-24,13,11
2,Jashaid Tariq,Rawalpindi,Grocery,Bread,3,1576,15,4018.8,Card,No,2026-08-04,15,8
2,Zain Moiz,Peshawar,Electronics,Headphones,1,36460,15,30991.0,Card,Yes,2026-10-14,30,10
2,John Sohail,Karachi,Grocery,Rice,3,42070,20,100968.0,Card,Yes,2026-05-16,20,5
2,Sara Qamar,Rawalpindi,Clothing,Jacket,5,35243,20,140972.0,Online,No,2026-03-19,10,3
2,John Malik,Islamabad,Electronics,Headphones,3,2861,0,8583.0,Card,Yes,2026-07-07,13,7
2,Ahmed Khan,Lahore,Sports,Tennis Ball,2,26716,20,42745.6,Cash,No,2026-12-11,29,12
2,Zulaiha Shahab,Peshawar,Clothing,Shoes,3,12221,5,34829.85,Cash,Yes,2026-10-20,19,10
2,Tanveer Nasir,Multan,Grocery,Bread,2,14728,0,29456.0,Online,Yes,2026-05-27,8,5
2,Zulaiha Kamran,Islamabad,Clothing,Pant,5,34283,10,154273.5,Online,Yes,2026-03-20,12,3
2,Ali Khan,Faisalabad,Furniture,Bed,1,18714,0,18714.0,Online,No,2026-07-24,23,7
2,Ahmed Malik,Multan,Grocery,Bread,4,43458,10,156448.8,Card,Yes,2026-01-09,10,1
2,Ali Malik,Faisalabad,Sports,Tennis Ball,2,17133,0,34266.0,Online,Yes,2026-05-29,11,5
2,Iqra Junaid,Karachi,Electronics,SmartWatch,4,7162,10,25783.2,Online,Yes,2026-08-11,26,8
2,Eman Malik,Rawalpindi,Sports,Football,5,23989,15,101953.25,Online,Yes,2026-08-30,23,8
2,Zulaiha Junaid,Faisalabad,Furniture,Bed,1,32441,15,27574.85,Cash,No,2026-12-28,29,12
2,Waleed Nisar,Rawalpindi,Sports,Tennis Ball,3,8466,0,25398.0,Online,Yes,2026-02-18,20,2
2,Usman Moiz,Peshawar,Clothing,Jacket,4,21553,15,73280.2,Online,Yes,2026-11-06,2,11
2,Waleed Kamran,Peshawar,Electronics,Mobile,3,47086,15,120069.3,Card,No,2026-01-30,18,1
2,Jashaid Qasim,Peshawar,Sports,Gloves,4,6726,15,22868.4,Online,No,2026-08-25,1,8
2,Peter Junaid,Lahore,Furniture,Desk,3,16326,0,48978.0,Online,Yes,2026-01-29,8,1
2,Usman Moiz,Multan,Electronics,Laptop,5,44443,15,188882.75,Online,No,2026-09-08,13,9
2,Taha Kamran,Rawalpindi,Sports,Gloves,3,1421,0,4263.0,Online,Yes,2026-11-20,28,11
2,Javaid Usmani,Islamabad,Electronics,SmartWatch,3,39551,10,106787.7,Cash,Yes,2026-01-15,14,1
2,John Nisar,Lahore,Clothing,T-shirts,5,33241,10,149584.5,Card,No,2026-05-18,15,5
2,John Qamar,Lahore,Grocery,Milk,3,4808,5,13702.8,Card,Yes,2026-10-17,29,10
2,Peter Junaid,Lahore,Furniture,Bed,3,43015,10,116140.5,Card,Yes,2026-01-15,14,1
2,Eman Qamar,Lahore,Sports,Tennis Ball,4,11326,0,45304.0,Cash,No,2026-03-12,24,3
2,John Imran,Rawalpindi,Clothing,Jacket,5,2570,10,11565.0,Cash,Yes,2026-05-28,9,5
2,Zain Ahmed,Multan,Grocery,Milk,2,38652,10,69573.6,Online,No,2026-06-22,4,6
2,Tanveer Hashir,Islamabad,Sports,Gloves,2,7270,15,12359.0,Cash,No,2026-07-07,16,7
2,Zain Khan,Rawalpindi,Clothing,Jacket,4,30315,20,97008.0,Card,Yes,2026-06-07,27,6
2,James Khan,Multan,Grocery,Rice,2,5012,20,8019.2,Online,No,2026-04-15,11,4
2,Peter Qasim,Lahore,Furniture,Sofa,1,48314,20,38651.2,Online,No,2026-01-28,21,1
2,Tanveer Junaid,Multan,Furniture,Sofa,3,35115,5,100077.75,Online,Yes,2026-03-24,13,3
2,Ahmed Qasim,Islamabad,Clothing,Pant,3,40411,5,115171.35,Cash,Yes,2026-06-22,17,6
2,Zain Sohail,Peshawar,Grocery,Eggs,1,46135,5,43828.25,Online,Yes,2026-06-20,15,6
2,Javaid Nasir,Multan,Grocery,Bread,2,32901,15,55931.7,Card,No,2026-06-08,24,6
2,Eman Moiz,Islamabad,Furniture,Chair,2,33723,5,64073.7,Cash,Yes,2026-08-14,6,8
2,John Nisar,Karachi,Sports,Tennis Ball,1,48763,15,41448.55,Card,No,2026-08-09,6,8
2,Usman Nisar,Rawalpindi,Sports,Wickets,5,34037,15,144657.25,Card,No,2026-07-09,10,7
2,Iqra Moiz,Islamabad,Clothing,T-shirts,2,10464,15,17788.8,Cash,No,2026-02-23,5,2
2,Jashaid Malik,Multan,Sports,Basket Ball,2,6359,5,12082.1,Card,No,2026-04-10,11,4
2,Zainab Imran,Peshawar,Sports,Basket Ball,2,12621,5,23979.9,Online,Yes,2026-12-23,23,12
2,Zain Nasir,Rawalpindi,Sports,Tennis Ball,4,1046,15,3556.4,Online,Yes,2026-07-14,8,7
2,Ahmed Moiz,Peshawar,Clothing,T-shirts,4,39686,20,126995.2,Card,Yes,2026-12-04,2,12
2,Zainab Qamar,Multan,Electronics,Laptop,2,33495,20,53592.0,Card,Yes,2026-10-18,21,10
2,Sara Nisar,Rawalpindi,Grocery,Bread,4,3133,0,12532.0,Cash,Yes,2026-06-23,9,6
2,Iqra Qamar,Lahore,Clothing,Pant,4,30404,0,121616.0,Card,Yes,2026-10-19,16,10
2,Jashaid Kamran,Rawalpindi,Clothing,T-shirts,4,10861,5,41271.8,Cash,Yes,2026-03-11,1,3
2,John Nisar,Karachi,Sports,Football,1,18732,20,14985.6,Online,No,2026-04-23,14,4
2,James Ahmed,Multan,Furniture,Chair,1,13495,20,10796.0,Card,No,2026-02-01,27,2
2,Usman Qamar,Lahore,Grocery,Rice,5,36696,5,174306.0,Online,No,2026-07-11,2,7
2,John Nisar,Faisalabad,Grocery,Eggs,3,22779,10,61503.3,Online,No,2026-04-21,16,4
2,Zain Moiz,Multan,Sports,Tennis Ball,5,15510,15,65917.5,Cash,No,2026-02-12,5,2
2,Eman Tariq,Faisalabad,Sports,Basket Ball,5,37076,5,176111.0,Online,Yes,2026-08-04,18,8
2,Javaid Usmani,Multan,Grocery,Eggs,2,45397,15,77174.9,Card,No,2026-06-03,8,6
2,Zain Moiz,Multan,Electronics,Laptop,4,8042,15,27342.8,Cash,No,2026-11-27,27,11
2,Eman Shahab,Rawalpindi,Clothing,T-shirts,5,22904,0,114520.0,Online,Yes,2026-03-21,13,3
2,Zulaiha Imran,Islamabad,Clothing,Jacket,1,7564,5,7185.8,Cash,No,2026-03-02,12,3
2,Zainab Malik,Islamabad,Grocery,Bread,4,16796,0,67184.0,Cash,No,2026-02-02,29,2
2,Usman Malik,Islamabad,Furniture,Sofa,2,22284,15,37882.8,Online,Yes,2026-04-02,4,4
2,Sara Khan,Rawalpindi,Clothing,Pant,5,17753,5,84326.75,Cash,No,2026-09-26,12,9
2,Ali Tariq,Multan,Clothing,Pant,4,33502,5,127307.6,Card,Yes,2026-03-25,19,3
2,Sara Sohail,Peshawar,Electronics,Laptop,4,26199,0,104796.0,Card,No,2026-11-22,30,11
2,Zulaiha Junaid,Faisalabad,Electronics,Laptop,2,14014,0,28028.0,Cash,No,2026-10-14,7,10
2,Jashaid Moiz,Karachi,Furniture,Bed,4,34818,15,118381.2,Cash,No,2026-04-26,26,4
2,Zulaiha Usmani,Islamabad,Grocery,Eggs,5,49362,20,197448.0,Card,Yes,2026-11-15,15,11
2,James Nasir,Lahore,Clothing,T-shirts,5,18205,10,81922.5,Card,No,2026-05-10,25,5
2,Taha Ahmed,Faisalabad,Clothing,T-shirts,5,34711,20,138844.0,Cash,Yes,2026-08-18,17,8
2,Sara Usmani,Lahore,Furniture,Desk,3,24886,0,74658.0,Online,No,2026-03-27,20,3
2,Waleed Qasim,Karachi,Grocery,Eggs,3,49682,20,119236.8,Cash,Yes,2026-11-22,24,11
2,Zulaiha Moiz,Islamabad,Electronics,Laptop,3,4496,10,12139.2,Online,Yes,2026-03-08,14,3
2,Jashaid Malik,Multan,Furniture,Chair,5,48065,10,216292.5,Cash,Yes,2026-06-01,11,6
2,Javaid Imran,Faisalabad,Furniture,Sofa,5,26861,15,114159.25,Online,Yes,2026-07-13,31,7
2,Waleed Nisar,Rawalpindi,Furniture,Chair,5,43412,0,217060.0,Card,No,2026-12-01,16,12
2,Zain Khan,Karachi,Grocery,Rice,3,27532,20,66076.8,Online,No,2026-10-14,5,10
2,Javaid Qamar,Rawalpindi,Sports,Football,1,45800,5,43510.0,Online,No,2026-03-02,16,3
2,James Junaid,Karachi,Clothing,Jacket,1,38859,0,38859.0,Card,No,2026-10-11,17,10
2,Ali Tariq,Islamabad,Clothing,Pant,1,40053,20,32042.4,Card,Yes,2026-07-24,23,7
2,Ahmed Nisar,Faisalabad,Furniture,Desk,1,3270,15,2779.5,Card,No,2026-05-15,9,5
2,James Imran,Rawalpindi,Sports,Basket Ball,5,28698,10,129141.0,Cash,No,2026-02-22,5,2
2,Zainab Shahab,Faisalabad,Grocery,Bread,5,29375,15,124843.75,Card,No,2026-09-02,8,9
2,James Moiz,Lahore,Sports,Bat,3,45285,0,135855.0,Cash,Yes,2026-03-25,8,3
2,Zulaiha Imran,Peshawar,Electronics,Headphones,5,7693,5,36541.75,Online,Yes,2026-04-19,26,4
2,Usman Malik,Faisalabad,Grocery,Rice,5,20666,5,98163.5,Online,Yes,2026-12-04,30,12
2,Iqra Usmani,Rawalpindi,Grocery,Rice,4,49312,0,197248.0,Cash,Yes,2026-09-26,13,9
2,James Imran,Rawalpindi,Furniture,Sofa,5,27552,15,117096.0,Cash,No,2026-07-06,9,7
2,Javaid Moiz,Peshawar,Clothing,Shoes,2,12238,0,24476.0,Online,No,2026-04-18,3,4
2,Zain Kamran,Lahore,Grocery,Rice,5,29803,15,126662.75,Online,Yes,2026-09-17,23,9
2,Iqra Moiz,Peshawar,Electronics,Headphones,5,20214,10,90963.0,Online,No,2026-09-09,21,9
2,Zain Azhar,Karachi,Sports,Wickets,2,42749,20,68398.4,Card,Yes,2026-11-18,21,11
2,Taha Khan,Rawalpindi,Grocery,Rice,2,922,5,1751.8,Online,No,2026-10-26,17,10
2,Sara Qasim,Faisalabad,Grocery,Rice,1,40857,10,36771.3,Card,Yes,2026-04-30,19,4
2,Waleed Khan,Multan,Grocery,Bread,5,585,15,2486.25,Cash,No,2026-01-18,11,1
2,Waleed Junaid,Rawalpindi,Clothing,Jacket,2,43084,20,68934.4,Card,No,2026-03-24,18,3
2,Sara Malik,Peshawar,Sports,Gloves,3,34695,5,98880.75,Card,Yes,2026-08-21,8,8
2,Javaid Nasir,Multan,Grocery,Rice,3,24962,15,63653.1,Cash,Yes,2026-10-02,17,10
2,James Usmani,Peshawar,Clothing,Pant,3,3716,0,11148.0,Online,Yes,2026-12-08,9,12
2,Tanveer Tariq,Islamabad,Clothing,Jacket,1,37942,20,30353.6,Card,No,2026-01-20,19,1
2,Ahmed Shahab,Faisalabad,Furniture,Bed,2,35462,0,70924.0,Online,Yes,2026-03-28,28,3
2,Iqra Imran,Peshawar,Sports,Wickets,1,10756,10,9680.4,Card,Yes,2026-08-28,12,8
2,Jashaid Kamran,Lahore,Grocery,Milk,2,44634,15,75877.8,Cash,Yes,2026-01-10,28,1
2,James Kamran,Karachi,Clothing,Shoes,5,20179,15,85760.75,Online,No,2026-05-21,23,5
2,Iqra Shahab,Peshawar,Sports,Gloves,3,42887,10,115794.9,Online,Yes,2026-06-01,2,6
2,Waleed Malik,Karachi,Grocery,Rice,2,536,0,1072.0,Online,No,2026-03-18,26,3
2,Zulaiha Qasim,Lahore,Furniture,Table,1,33484,0,33484.0,Cash,Yes,2026-04-30,27,4
2,Iqra Shahab,Lahore,Sports,Basket Ball,5,9445,20,37780.0,Online,Yes,2026-06-18,1,6
2,Zainab Qamar,Lahore,Furniture,Table,3,29846,5,85061.1,Card,No,2026-10-26,12,10
2,John Junaid,Faisalabad,Sports,Football,1,8937,20,7149.6,Cash,Yes,2026-03-13,25,3
2,Javaid Azhar,Multan,Sports,Football,5,4091,5,19432.25,Card,No,2026-05-22,6,5
2,Zulaiha Tariq,Peshawar,Sports,Gloves,1,27556,20,22044.8,Card,No,2026-07-03,26,7
2,Iqra Nasir,Karachi,Grocery,Rice,3,30208,5,86092.8,Cash,Yes,2026-11-07,16,11
2,Usman Tariq,Islamabad,Electronics,SmartWatch,3,35930,20,86232.0,Cash,Yes,2026-06-22,15,6
2,Iqra Kamran,Multan,Electronics,SmartWatch,3,41600,15,106080.0,Online,Yes,2026-11-22,4,11
2,Sara Khan,Faisalabad,Electronics,SmartWatch,3,48699,15,124182.45,Card,No,2026-12-10,8,12
2,Ali Shahab,Lahore,Furniture,Bed,4,33267,0,133068.0,Card,Yes,2026-08-14,10,8
2,Usman Shahab,Rawalpindi,Grocery,Milk,3,37841,15,96494.55,Online,Yes,2026-01-08,29,1
2,Zulaiha Imran,Islamabad,Clothing,T-shirts,1,47862,5,45468.9,Card,Yes,2026-09-24,4,9
2,Zainab Nasir,Lahore,Electronics,Laptop,5,34722,5,164929.5,Cash,No,2026-01-20,29,1
2,Jashaid Qamar,Lahore,Sports,Tennis Ball,4,15780,10,56808.0,Cash,No,2026-08-04,6,8
2,Zain Khan,Peshawar,Sports,Wickets,2,42796,20,68473.6,Online,No,2026-06-29,23,6
2,Iqra Nisar,Karachi,Grocery,Eggs,5,30205,5,143473.75,Card,No,2026-05-19,26,5
2,Usman Malik,Islamabad,Electronics,SmartWatch,2,27648,20,44236.8,Card,Yes,2026-09-21,13,9
2,Taha Shahab,Multan,Furniture,Table,3,45882,0,137646.0,Online,No,2026-02-19,28,2
2,Tanveer Khan,Faisalabad,Furniture,Sofa,2,5123,0,10246.0,Online,Yes,2026-11-17,19,11
2,Ahmed Imran,Rawalpindi,Clothing,T-shirts,2,19777,10,35598.6,Online,No,2026-05-19,9,5
2,John Kamran,Lahore,Electronics,SmartWatch,3,15261,15,38915.55,Card,No,2026-08-24,27,8
2,Zain Qamar,Lahore,Electronics,SmartWatch,5,48874,15,207714.5,Card,Yes,2026-05-24,13,5
2,Taha Azhar,Rawalpindi,Grocery,Bread,4,24217,20,77494.4,Card,Yes,2026-07-14,6,7
2,Waleed Malik,Karachi,Grocery,Eggs,5,9432,0,47160.0,Card,No,2026-12-16,11,12
2,James Usmani,Islamabad,Clothing,T-shirts,5,49293,20,197172.0,Cash,Yes,2026-09-19,18,9
2,Ahmed Shahab,Lahore,Sports,Basket Ball,1,14205,5,13494.75,Cash,No,2026-10-23,6,10
2,Waleed Qasim,Multan,Sports,Basket Ball,3,4447,5,12673.95,Card,No,2026-11-03,8,11
2,Zainab Nasir,Peshawar,Electronics,Headphones,3,13984,20,33561.6,Cash,Yes,2026-08-23,15,8
2,Ahmed Nasir,Lahore,Furniture,Table,3,9330,0,27990.0,Card,Yes,2026-05-07,22,5
2,John Tariq,Peshawar,Electronics,Headphones,5,43320,20,173280.0,Card,Yes,2026-01-07,17,1
2,Eman Tariq,Karachi,Grocery,Milk,1,48878,15,41546.3,Online,No,2026-04-04,11,4
2,Tanveer Qasim,Rawalpindi,Grocery,Eggs,5,33030,0,165150.0,Card,No,2026-04-08,22,4
2,Jashaid Hashir,Rawalpindi,Grocery,Milk,5,13299,15,56520.75,Card,Yes,2026-06-27,12,6
2,Peter Khan,Multan,Furniture,Table,1,49736,5,47249.2,Card,Yes,2026-04-25,19,4
2,Zain Qasim,Multan,Furniture,Chair,4,20110,10,72396.0,Card,No,2026-12-23,25,12
2,Eman Sohail,Islamabad,Sports,Wickets,4,32119,0,128476.0,Cash,Yes,2026-08-24,17,8
2,John Nasir,Faisalabad,Sports,Gloves,1,36158,5,34350.1,Cash,No,2026-10-14,10,10
2,Peter Azhar,Peshawar,Sports,Tennis Ball,3,6097,10,16461.9,Online,Yes,2026-11-21,29,11
2,Eman Junaid,Lahore,Clothing,Shoes,4,41465,10,149274.0,Online,No,2026-09-08,13,9
2,Ali Shahab,Lahore,Sports,Bat,1,12523,20,10018.4,Online,Yes,2026-01-04,25,1
2,John Nisar,Rawalpindi,Furniture,Table,4,13384,0,53536.0,Online,Yes,2026-03-13,9,3
2,Sara Shahab,Peshawar,Electronics,SmartWatch,5,26574,0,132870.0,Cash,Yes,2026-12-25,29,12
2,Zain Kamran,Karachi,Clothing,Shoes,1,33634,15,28588.9,Card,Yes,2026-02-17,1,2
2,Ali Nasir,Islamabad,Furniture,Sofa,4,30643,5,116443.4,Card,No,2026-07-05,1,7
2,Eman Usmani,Faisalabad,Sports,Football,3,21955,5,62571.75,Cash,Yes,2026-01-25,6,1
2,Jashaid Hashir,Peshawar,Clothing,Shoes,2,42618,20,68188.8,Online,Yes,2026-09-02,21,9
2,Waleed Tariq,Islamabad,Clothing,Pant,1,28770,10,25893.0,Cash,No,2026-04-26,18,4
2,John Shahab,Faisalabad,Sports,Football,1,38176,20,30540.8,Online,No,2026-11-07,13,11
2,Zulaiha Imran,Peshawar,Clothing,Pant,4,43503,0,174012.0,Online,Yes,2026-06-20,9,6
2,Ahmed Nasir,Faisalabad,Furniture,Desk,3,20659,10,55779.3,Online,No,2026-12-15,19,12
2,Usman Malik,Islamabad,Grocery,Rice,4,36576,0,146304.0,Cash,No,2026-01-15,16,1
2,Jashaid Qasim,Peshawar,Grocery,Rice,5,2384,0,11920.0,Cash,No,2026-04-15,21,4
2,Tanveer Junaid,Faisalabad,Sports,Football,1,27678,20,22142.4,Online,No,2026-10-01,26,10
2,Zain Nasir,Multan,Grocery,Bread,2,30391,0,60782.0,Cash,No,2026-01-25,7,1
2,Zulaiha Nisar,Lahore,Furniture,Bed,2,17961,0,35922.0,Online,No,2026-08-16,22,8
2,Eman Junaid,Lahore,Furniture,Table,1,49141,0,49141.0,Cash,No,2026-09-12,2,9
2,John Moiz,Karachi,Grocery,Eggs,3,36798,5,104874.3,Online,No,2026-04-29,11,4
2,Ali Moiz,Multan,Electronics,Mobile,1,38834,0,38834.0,Online,Yes,2026-11-03,15,11
2,Zulaiha Qamar,Peshawar,Grocery,Eggs,4,12147,10,43729.2,Cash,No,2026-02-25,29,2
2,Zain Qasim,Faisalabad,Electronics,SmartWatch,1,36001,20,28800.8,Card,Yes,2026-05-15,15,5
2,Waleed Kamran,Lahore,Electronics,Laptop,2,43726,0,87452.0,Cash,Yes,2026-08-09,26,8
2,Tanveer Usmani,Peshawar,Sports,Football,3,25648,15,65402.4,Card,Yes,2026-01-09,10,1
2,Peter Junaid,Peshawar,Clothing,Jacket,3,1714,5,4884.9,Cash,No,2026-08-12,14,8
2,Javaid Hashir,Karachi,Electronics,SmartWatch,5,12233,15,51990.25,Online,Yes,2026-03-12,22,3
2,James Malik,Lahore,Electronics,SmartWatch,1,7549,0,7549.0,Cash,No,2026-08-16,25,8
2,Tanveer Tariq,Rawalpindi,Furniture,Chair,2,37391,0,74782.0,Card,Yes,2026-03-04,12,3
2,Zain Moiz,Peshawar,Clothing,Pant,4,15918,0,63672.0,Cash,No,2026-02-16,17,2
2,Ahmed Nisar,Lahore,Clothing,Shoes,4,33863,5,128679.4,Cash,Yes,2026-09-03,21,9
2,James Nisar,Multan,Grocery,Milk,3,35314,20,84753.6,Online,No,2026-02-03,7,2
2,Zulaiha Kamran,Islamabad,Grocery,Milk,4,19329,20,61852.8,Online,No,2026-07-26,9,7
2,Waleed Malik,Karachi,Furniture,Sofa,1,8532,0,8532.0,Cash,Yes,2026-06-02,1,6
2,Zain Qasim,Rawalpindi,Furniture,Sofa,3,40581,20,97394.4,Card,No,2026-05-21,17,5
2,Eman Malik,Peshawar,Grocery,Eggs,1,4517,0,4517.0,Online,Yes,2026-07-14,27,7
2,Jashaid Ahmed,Lahore,Sports,Tennis Ball,4,48485,15,164849.0,Online,Yes,2026-10-24,16,10
2,John Nasir,Rawalpindi,Furniture,Bed,4,5268,5,20018.4,Online,No,2026-01-07,28,1
2,Eman Tariq,Rawalpindi,Clothing,Pant,2,12485,15,21224.5,Card,No,2026-03-24,20,3
2,Iqra Kamran,Islamabad,Sports,Wickets,4,20499,15,69696.6,Card,No,2026-12-16,26,12
2,Zulaiha Malik,Karachi,Clothing,Shoes,5,4460,15,18955.0,Online,Yes,2026-11-16,11,11
2,James Junaid,Peshawar,Sports,Tennis Ball,3,23215,20,55716.0,Cash,Yes,2026-09-03,23,9
2,John Nasir,Islamabad,Electronics,Laptop,4,20038,5,76144.4,Card,No,2026-12-18,2,12
2,Taha Qasim,Rawalpindi,Electronics,SmartWatch,4,18588,5,70634.4,Online,Yes,2026-01-12,29,1
2,John Nasir,Karachi,Electronics,SmartWatch,3,21344,20,51225.6,Online,Yes,2026-10-13,23,10
2,John Imran,Rawalpindi,Electronics,Mobile,4,40705,20,130256.0,Online,No,2026-01-07,25,1
2,James Imran,Peshawar,Furniture,Desk,5,37933,15,161215.25,Card,No,2026-03-01,8,3
2,Usman Junaid,Rawalpindi,Electronics,Laptop,3,8943,10,24146.1,Cash,No,2026-02-16,13,2
2,Javaid Nisar,Peshawar,Furniture,Bed,5,39331,10,176989.5,Card,No,2026-09-13,18,9
2,John Shahab,Faisalabad,Furniture,Desk,2,8635,10,15543.0,Online,Yes,2026-03-26,13,3
2,Ali Qasim,Peshawar,Electronics,Laptop,3,6535,5,18624.75,Cash,No,2026-05-20,6,5
2,Tanveer Khan,Multan,Grocery,Milk,5,14926,0,74630.0,Card,Yes,2026-12-25,11,12
2,Sara Ahmed,Lahore,Grocery,Eggs,2,47715,5,90658.5,Card,Yes,2026-02-16,15,2
2,Iqra Nasir,Lahore,Clothing,T-shirts,4,41107,5,156206.6,Card,No,2026-05-04,9,5
2,Zainab Nasir,Faisalabad,Grocery,Eggs,5,6298,20,25192.0,Card,Yes,2026-08-01,13,8
2,Ahmed Sohail,Rawalpindi,Sports,Tennis Ball,5,23373,20,93492.0,Cash,Yes,2026-10-01,6,10
2,Tanveer Moiz,Rawalpindi,Grocery,Milk,2,28574,0,57148.0,Card,Yes,2026-07-16,26,7
2,Sara Usmani,Islamabad,Sports,Football,3,14118,20,33883.2,Card,No,2026-04-07,23,4
2,Sara Nisar,Lahore,Grocery,Milk,4,39064,0,156256.0,Cash,Yes,2026-02-13,11,2
2,Tanveer Malik,Islamabad,Furniture,Table,3,14602,10,39425.4,Online,Yes,2026-07-16,30,7
2,Taha Usmani,Karachi,Clothing,T-shirts,5,30188,5,143393.0,Card,Yes,2026-09-03,23,9
2,Usman Ahmed,Karachi,Electronics,Mobile,3,1239,20,2973.6,Cash,No,2026-01-23,15,1
2,Peter Imran,Peshawar,Electronics,Mobile,1,39047,0,39047.0,Online,Yes,2026-10-17,18,10
2,Ali Usmani,Faisalabad,Grocery,Bread,3,43181,10,116588.7,Card,No,2026-05-05,15,5
2,Ahmed Moiz,Lahore,Furniture,Desk,5,44552,10,200484.0,Online,Yes,2026-02-06,21,2
2,James Nisar,Lahore,Grocery,Eggs,2,38516,5,73180.4,Cash,No,2026-11-20,21,11
2,Ahmed Kamran,Rawalpindi,Grocery,Eggs,3,32624,5,92978.4,Card,Yes,2026-02-26,10,2
2,Zulaiha Ahmed,Lahore,Sports,Basket Ball,2,43379,15,73744.3,Card,No,2026-03-29,14,3
2,Peter Ahmed,Faisalabad,Grocery,Bread,1,17636,0,17636.0,Card,No,2026-06-16,3,6
2,Peter Shahab,Lahore,Clothing,Shoes,4,11919,15,40524.6,Online,No,2026-01-25,5,1
2,Zulaiha Nasir,Lahore,Sports,Football,3,48668,10,131403.6,Card,Yes,2026-03-28,4,3
2,Sara Usmani,Karachi,Sports,Bat,3,8912,0,26736.0,Card,No,2026-11-21,9,11
2,Ali Qamar,Lahore,Clothing,Pant,5,20519,20,82076.0,Cash,No,2026-01-01,29,1
2,Peter Sohail,Rawalpindi,Grocery,Rice,3,15171,15,38686.05,Cash,No,2026-02-07,24,2
2,John Junaid,Rawalpindi,Electronics,Mobile,1,1096,15,931.6,Online,Yes,2026-01-10,7,1
2,John Khan,Islamabad,Furniture,Sofa,2,41268,20,66028.8,Card,Yes,2026-05-23,28,5
2,Sara Hashir,Karachi,Electronics,SmartWatch,1,1866,5,1772.7,Card,No,2026-09-06,11,9
2,Waleed Kamran,Rawalpindi,Furniture,Chair,2,39188,5,74457.2,Cash,No,2026-12-21,21,12
2,James Ahmed,Multan,Sports,Gloves,5,16207,15,68879.75,Card,No,2026-02-07,28,2
2,Eman Azhar,Faisalabad,Sports,Wickets,1,25061,0,25061.0,Cash,No,2026-05-26,6,5
2,Iqra Azhar,Lahore,Furniture,Bed,5,28550,15,121337.5,Cash,Yes,2026-06-08,21,6
2,Iqra Nisar,Islamabad,Furniture,Desk,4,4573,0,18292.0,Cash,Yes,2026-11-16,20,11
2,Tanveer Usmani,Lahore,Grocery,Bread,1,48258,20,38606.4,Online,Yes,2026-11-01,25,11
2,Waleed Usmani,Faisalabad,Grocery,Milk,5,24499,0,122495.0,Card,Yes,2026-03-01,27,3
2,Zain Usmani,Lahore,Sports,Gloves,5,12030,10,54135.0,Online,Yes,2026-01-06,26,1
2,Eman Imran,Lahore,Sports,Basket Ball,4,13160,5,50008.0,Cash,No,2026-09-02,22,9
2,Taha Khan,Karachi,Furniture,Desk,2,27923,20,44676.8,Cash,Yes,2026-04-26,5,4
2,Zulaiha Ahmed,Multan,Clothing,T-shirts,3,20246,20,48590.4,Card,Yes,2026-07-15,27,7
2,Zain Azhar,Multan,Sports,Wickets,3,19160,20,45984.0,Cash,No,2026-04-03,21,4
2,Taha Nisar,Faisalabad,Grocery,Milk,5,39702,0,198510.0,Cash,No,2026-02-25,19,2
2,Tanveer Shahab,Faisalabad,Clothing,Jacket,2,16817,10,30270.6,Online,No,2026-06-14,19,6
2,Iqra Hashir,Islamabad,Electronics,Mobile,2,19023,0,38046.0,Online,Yes,2026-07-07,13,7
2,James Junaid,Islamabad,Clothing,Shoes,5,20579,5,97750.25,Cash,Yes,2026-12-12,9,12
2,Waleed Imran,Lahore,Furniture,Sofa,2,43444,20,69510.4,Card,No,2026-11-04,21,11
2,Zain Qamar,Faisalabad,Sports,Tennis Ball,3,26255,0,78765.0,Online,Yes,2026-08-06,23,8
2,Taha Nasir,Faisalabad,Grocery,Milk,2,38253,15,65030.1,Cash,Yes,2026-08-26,8,8
2,Ahmed Khan,Islamabad,Sports,Bat,4,45010,15,153034.0,Cash,Yes,2026-12-07,31,12
2,Usman Nisar,Lahore,Clothing,Jacket,1,29868,0,29868.0,Card,Yes,2026-12-15,13,12
2,Javaid Imran,Multan,Furniture,Desk,2,39894,5,75798.6,Card,Yes,2026-10-08,26,10
2,James Usmani,Faisalabad,Furniture,Chair,1,9671,15,8220.35,Cash,Yes,2026-09-16,12,9
2,Zainab Nasir,Rawalpindi,Sports,Tennis Ball,4,33707,10,121345.2,Card,Yes,2026-10-27,30,10
2,Jashaid Shahab,Islamabad,Electronics,Mobile,3,22847,0,68541.0,Cash,Yes,2026-11-22,9,11
2,Peter Usmani,Islamabad,Grocery,Milk,1,1980,20,1584.0,Online,Yes,2026-10-16,14,10
2,Zainab Qamar,Islamabad,Grocery,Rice,4,7194,5,27337.2,Card,No,2026-01-20,9,1
2,Iqra Azhar,Faisalabad,Furniture,Desk,4,15533,20,49705.6,Online,No,2026-02-09,15,2
2,Jashaid Moiz,Faisalabad,Electronics,SmartWatch,1,23355,20,18684.0,Online,Yes,2026-12-11,9,12
2,Eman Azhar,Lahore,Grocery,Milk,4,5488,15,18659.2,Card,Yes,2026-10-06,20,10
2,Sara Nisar,Multan,Clothing,Jacket,3,39707,5,113164.95,Card,No,2026-06-11,22,6
2,Zainab Nasir,Rawalpindi,Furniture,Bed,1,25621,0,25621.0,Card,Yes,2026-07-22,27,7
2,Zulaiha Hashir,Karachi,Clothing,Pant,2,3926,10,7066.8,Online,No,2026-04-06,25,4
2,James Usmani,Islamabad,Clothing,Jacket,4,45209,15,153710.6,Online,No,2026-12-14,10,12
2,John Usmani,Multan,Electronics,Headphones,4,39036,20,124915.2,Card,No,2026-04-11,19,4
2,Peter Shahab,Faisalabad,Sports,Gloves,1,39717,5,37731.15,Online,No,2026-11-24,27,11
2,Zulaiha Nasir,Multan,Electronics,Headphones,5,1608,0,8040.0,Card,No,2026-04-20,14,4
2,Zulaiha Ahmed,Karachi,Clothing,Jacket,1,17216,15,14633.6,Card,No,2026-05-28,14,5
2,Sara Kamran,Lahore,Grocery,Eggs,5,15366,0,76830.0,Cash,No,2026-05-23,17,5
2,Usman Qamar,Lahore,Sports,Tennis Ball,4,4666,0,18664.0,Online,Yes,2026-10-28,19,10
2,Jashaid Ahmed,Peshawar,Grocery,Rice,5,38146,20,152584.0,Cash,Yes,2026-12-05,29,12
2,Peter Qamar,Karachi,Grocery,Bread,2,12971,10,23347.8,Card,Yes,2026-07-08,21,7
2,Peter Junaid,Multan,Clothing,T-shirts,1,32543,10,29288.7,Cash,No,2026-11-25,9,11
2,Iqra Nasir,Faisalabad,Sports,Gloves,2,18195,20,29112.0,Online,Yes,2026-12-29,12,12
2,Zulaiha Nisar,Faisalabad,Sports,Wickets,1,34542,10,31087.8,Card,No,2026-11-13,31,11
2,Eman Sohail,Lahore,Electronics,Headphones,3,18930,0,56790.0,Online,No,2026-04-22,9,4
2,Zulaiha Usmani,Peshawar,Grocery,Rice,2,30861,20,49377.6,Online,No,2026-08-26,9,8
2,Eman Sohail,Islamabad,Clothing,Pant,4,36459,20,116668.8,Cash,Yes,2026-07-01,18,7
2,Eman Imran,Lahore,Grocery,Rice,3,24894,0,74682.0,Cash,Yes,2026-01-27,22,1
2,Usman Imran,Faisalabad,Grocery,Eggs,4,18002,20,57606.4,Online,No,2026-04-14,23,4
2,Waleed Ahmed,Rawalpindi,Grocery,Bread,2,11965,0,23930.0,Cash,Yes,2026-03-02,9,3
2,Zain Qamar,Peshawar,Furniture,Table,2,14774,10,26593.2,Card,No,2026-05-24,14,5
2,Jashaid Hashir,Karachi,Furniture,Bed,5,39119,15,166255.75,Card,No,2026-11-22,29,11
2,Eman Moiz,Lahore,Grocery,Rice,2,36625,15,62262.5,Cash,Yes,2026-07-20,16,7
2,Tanveer Shahab,Karachi,Grocery,Bread,1,23981,10,21582.9,Online,No,2026-07-02,19,7
2,Javaid Hashir,Peshawar,Clothing,Pant,2,7203,0,14406.0,Card,Yes,2026-10-25,21,10
2,Ali Qasim,Karachi,Grocery,Bread,1,34102,0,34102.0,Cash,Yes,2026-12-09,8,12
2,John Azhar,Lahore,Clothing,Pant,3,28502,20,68404.8,Cash,No,2026-10-02,25,10
2,Zulaiha Malik,Karachi,Sports,Basket Ball,3,38645,0,115935.0,Online,Yes,2026-07-05,21,7
2,John Khan,Islamabad,Electronics,Headphones,4,48988,5,186154.4,Online,No,2026-02-19,5,2
2,Ahmed Nisar,Karachi,Grocery,Rice,3,4551,0,13653.0,Card,Yes,2026-01-14,12,1
2,Zulaiha Junaid,Faisalabad,Electronics,Mobile,4,26866,15,91344.4,Online,Yes,2026-02-10,9,2
2,Sara Qasim,Peshawar,Furniture,Desk,1,35094,0,35094.0,Online,Yes,2026-04-14,11,4
2,Zulaiha Nisar,Multan,Clothing,Pant,2,35975,10,64755.0,Cash,No,2026-10-01,4,10
2,Eman Shahab,Peshawar,Furniture,Table,5,30282,20,121128.0,Online,Yes,2026-06-23,22,6
2,Eman Kamran,Multan,Furniture,Bed,3,45951,5,130960.35,Cash,No,2026-05-18,13,5
2,James Imran,Islamabad,Furniture,Sofa,5,31966,5,151838.5,Online,Yes,2026-02-04,15,2
2,Jashaid Moiz,Karachi,Sports,Basket Ball,4,9409,15,31990.6,Online,Yes,2026-10-01,11,10
2,James Qasim,Karachi,Clothing,T-shirts,5,10861,0,54305.0,Online,No,2026-05-31,3,5
2,Tanveer Junaid,Lahore,Electronics,SmartWatch,2,4739,10,8530.2,Card,Yes,2026-05-13,22,5
2,Javaid Junaid,Islamabad,Electronics,Headphones,4,44533,5,169225.4,Online,Yes,2026-01-24,25,1
2,Waleed Azhar,Lahore,Electronics,Laptop,5,30615,10,137767.5,Card,Yes,2026-01-01,31,1
2,Zain Moiz,Multan,Clothing,Shoes,3,10915,10,29470.5,Card,No,2026-10-04,5,10
2,John Tariq,Faisalabad,Sports,Gloves,1,27516,15,23388.6,Cash,No,2026-04-27,26,4
2,James Imran,Faisalabad,Furniture,Bed,4,49775,0,199100.0,Cash,No,2026-12-31,22,12
2,Tanveer Nasir,Rawalpindi,Electronics,Headphones,4,49907,15,169683.8,Card,Yes,2026-11-30,20,11
2,Waleed Kamran,Islamabad,Grocery,Bread,3,47656,5,135819.6,Online,Yes,2026-02-23,29,2
2,Ali Hashir,Peshawar,Sports,Wickets,5,20466,0,102330.0,Online,Yes,2026-06-14,4,6
2,Waleed Malik,Lahore,Grocery,Bread,2,15077,20,24123.2,Card,Yes,2026-10-20,31,10
2,James Qamar,Islamabad,Grocery,Rice,1,37917,20,30333.6,Cash,No,2026-05-14,26,5
2,Iqra Nasir,Karachi,Grocery,Bread,5,41611,5,197652.25,Online,Yes,2026-08-09,10,8
2,Ahmed Qasim,Peshawar,Sports,Basket Ball,4,8634,10,31082.4,Cash,Yes,2026-11-09,4,11
2,Javaid Qasim,Lahore,Electronics,Mobile,2,1009,20,1614.4,Online,Yes,2026-10-08,1,10
2,Iqra Usmani,Lahore,Sports,Bat,3,3805,15,9702.75,Card,Yes,2026-11-01,17,11
2,Eman Ahmed,Rawalpindi,Sports,Tennis Ball,3,48398,20,116155.2,Card,Yes,2026-04-13,25,4
2,Peter Azhar,Karachi,Sports,Football,3,27364,15,69778.2,Online,Yes,2026-09-24,14,9
2,Zulaiha Shahab,Karachi,Furniture,Bed,2,48978,5,93058.2,Card,Yes,2026-07-04,1,7
2,James Moiz,Islamabad,Furniture,Bed,2,2290,20,3664.0,Online,No,2026-11-22,8,11
2,Zain Junaid,Faisalabad,Sports,Gloves,5,3906,20,15624.0,Cash,Yes,2026-11-09,26,11
2,Taha Junaid,Karachi,Sports,Tennis Ball,3,35076,20,84182.4,Card,Yes,2026-04-26,13,4
2,Zainab Malik,Islamabad,Furniture,Table,1,43903,0,43903.0,Card,No,2026-07-17,27,7
2,Iqra Shahab,Peshawar,Clothing,T-shirts,3,38732,0,116196.0,Card,Yes,2026-06-17,6,6
2,Peter Tariq,Lahore,Clothing,T-shirts,3,30808,20,73939.2,Card,Yes,2026-04-12,23,4
2,Jashaid Malik,Peshawar,Sports,Tennis Ball,5,17965,10,80842.5,Card,No,2026-06-08,23,6
2,James Nasir,Lahore,Grocery,Eggs,1,20269,15,17228.65,Online,Yes,2026-12-06,23,12
2,Jashaid Nisar,Faisalabad,Sports,Football,4,39782,15,135258.8,Online,Yes,2026-08-21,23,8
2,Tanveer Usmani,Karachi,Clothing,Pant,4,43210,5,164198.0,Cash,Yes,2026-03-19,6,3
2,Taha Qamar,Lahore,Clothing,T-shirts,1,49915,20,39932.0,Card,Yes,2026-09-18,9,9
2,Ali Nisar,Multan,Sports,Basket Ball,5,31043,0,155215.0,Card,Yes,2026-12-04,27,12
2,Ahmed Qamar,Rawalpindi,Grocery,Milk,5,47507,20,190028.0,Card,No,2026-09-16,17,9
2,Ahmed Hashir,Peshawar,Grocery,Bread,1,40313,0,40313.0,Cash,Yes,2026-05-09,18,5
2,John Hashir,Rawalpindi,Grocery,Rice,1,14543,10,13088.7,Cash,Yes,2026-04-24,14,4
2,Taha Khan,Faisalabad,Electronics,SmartWatch,1,1114,15,946.9,Cash,Yes,2026-02-21,13,2
2,Sara Azhar,Karachi,Electronics,Laptop,2,10001,10,18001.8,Cash,No,2026-11-17,13,11
2,Tanveer Tariq,Peshawar,Clothing,Pant,3,41538,5,118383.3,Card,No,2026-08-14,28,8
2,Javaid Hashir,Lahore,Sports,Tennis Ball,5,44095,10,198427.5,Online,No,2026-06-09,11,6
2,Ali Khan,Islamabad,Electronics,Mobile,3,35820,5,102087.0,Online,Yes,2026-11-08,23,11
2,James Khan,Islamabad,Furniture,Table,3,46182,15,117764.1,Card,No,2026-04-27,19,4
2,Sara Usmani,Rawalpindi,Electronics,SmartWatch,5,32956,5,156541.0,Card,Yes,2026-01-27,10,1
2,Usman Sohail,Karachi,Electronics,Headphones,2,44932,10,80877.6,Card,No,2026-06-28,3,6
2,Peter Tariq,Islamabad,Electronics,SmartWatch,2,29111,15,49488.7,Card,No,2026-04-05,7,4
2,John Hashir,Faisalabad,Sports,Wickets,5,37046,0,185230.0,Card,No,2026-10-21,23,10
2,Ali Imran,Karachi,Clothing,Shoes,3,23642,10,63833.4,Cash,No,2026-07-11,25,7
2,Tanveer Usmani,Islamabad,Sports,Wickets,3,12124,15,30916.2,Cash,Yes,2026-12-27,23,12
2,Ali Qamar,Multan,Clothing,T-shirts,4,4057,20,12982.4,Card,Yes,2026-09-02,14,9
2,Jashaid Ahmed,Faisalabad,Sports,Wickets,3,9878,10,26670.6,Cash,Yes,2026-09-01,13,9
2,Iqra Moiz,Peshawar,Grocery,Bread,5,7306,10,32877.0,Cash,No,2026-02-09,25,2
2,Peter Qamar,Islamabad,Grocery,Bread,1,26532,20,21225.6,Online,Yes,2026-07-23,11,7
2,Iqra Ahmed,Rawalpindi,Electronics,Headphones,1,26203,20,20962.4,Online,Yes,2026-12-16,25,12
2,Usman Nisar,Faisalabad,Electronics,SmartWatch,1,47245,5,44882.75,Online,Yes,2026-06-26,3,6
2,Zulaiha Nisar,Islamabad,Electronics,Headphones,5,31470,5,149482.5,Online,No,2026-08-29,21,8
2,Usman Khan,Multan,Sports,Football,3,49142,0,147426.0,Card,No,2026-09-16,23,9
2,Zulaiha Hashir,Rawalpindi,Grocery,Eggs,3,14532,5,41416.2,Online,No,2026-10-09,7,10
2,John Nasir,Faisalabad,Sports,Wickets,1,6652,15,5654.2,Card,No,2026-09-29,14,9
2,Jashaid Qamar,Peshawar,Clothing,Jacket,3,5119,5,14589.15,Card,Yes,2026-10-13,3,10
2,Zulaiha Usmani,Peshawar,Electronics,SmartWatch,2,4283,20,6852.8,Card,No,2026-05-01,20,5
2,Ali Malik,Faisalabad,Grocery,Rice,4,43525,20,139280.0,Cash,No,2026-07-11,31,7
2,Jashaid Sohail,Peshawar,Grocery,Milk,4,9943,0,39772.0,Online,No,2026-09-21,16,9
2,Waleed Qasim,Rawalpindi,Grocery,Eggs,1,5252,15,4464.2,Card,No,2026-06-12,13,6
2,Peter Tariq,Multan,Furniture,Bed,4,39726,20,127123.2,Online,No,2026-10-08,27,10
2,Peter Azhar,Rawalpindi,Sports,Football,5,18159,0,90795.0,Online,No,2026-04-06,3,4
2,Taha Qasim,Islamabad,Clothing,Shoes,5,9997,15,42487.25,Card,Yes,2026-11-06,3,11
2,Peter Hashir,Lahore,Electronics,SmartWatch,5,18889,10,85000.5,Card,No,2026-08-23,3,8
2,Sara Nasir,Lahore,Clothing,Shoes,5,5663,20,22652.0,Online,Yes,2026-10-31,26,10
2,John Usmani,Peshawar,Electronics,Mobile,5,27543,15,117057.75,Cash,Yes,2026-07-04,3,7
2,Iqra Malik,Rawalpindi,Electronics,SmartWatch,5,20766,15,88255.5,Card,No,2026-05-31,11,5
2,Zulaiha Hashir,Multan,Furniture,Sofa,2,24019,20,38430.4,Cash,Yes,2026-07-21,2,7
2,Zain Ahmed,Rawalpindi,Clothing,Shoes,3,46090,15,117529.5,Card,No,2026-06-10,30,6
2,Sara Kamran,Multan,Furniture,Sofa,3,19179,15,48906.45,Card,Yes,2026-03-26,2,3
2,Usman Kamran,Multan,Furniture,Sofa,5,11249,10,50620.5,Cash,Yes,2026-11-07,28,11
2,Zulaiha Nisar,Multan,Clothing,Jacket,1,46952,20,37561.6,Card,No,2026-02-27,9,2
2,Zainab Sohail,Faisalabad,Grocery,Rice,5,39654,0,198270.0,Card,No,2026-09-23,25,9
2,Javaid Sohail,Multan,Electronics,SmartWatch,3,33323,10,89972.1,Cash,No,2026-07-26,28,7
2,Jashaid Moiz,Rawalpindi,Grocery,Eggs,1,3087,0,3087.0,Online,No,2026-12-28,6,12
2,Zainab Tariq,Peshawar,Electronics,SmartWatch,5,47129,0,235645.0,Cash,Yes,2026-11-14,15,11
2,Javaid Usmani,Karachi,Electronics,Headphones,4,30848,15,104883.2,Online,No,2026-12-23,12,12
2,Zulaiha Nasir,Karachi,Clothing,T-shirts,3,3460,20,8304.0,Cash,No,2026-12-07,4,12
2,Peter Malik,Lahore,Furniture,Chair,3,9150,10,24705.0,Online,Yes,2026-11-19,14,11
2,Sara Hashir,Karachi,Grocery,Bread,2,29357,5,55778.3,Card,Yes,2026-10-23,31,10
2,Javaid Kamran,Islamabad,Electronics,Laptop,3,36608,5,104332.8,Card,No,2026-04-23,2,4
2,John Sohail,Rawalpindi,Clothing,Shoes,2,41264,20,66022.4,Online,No,2026-02-20,5,2
2,Tanveer Azhar,Multan,Sports,Gloves,4,40891,15,139029.4,Card,No,2026-01-03,7,1
2,Zulaiha Usmani,Faisalabad,Sports,Bat,1,3238,15,2752.3,Cash,No,2026-06-01,13,6
2,James Kamran,Karachi,Clothing,Shoes,2,18109,0,36218.0,Card,Yes,2026-03-10,13,3
2,John Sohail,Lahore,Furniture,Desk,4,32163,0,128652.0,Card,Yes,2026-12-29,10,12
2,Ali Moiz,Islamabad,Furniture,Sofa,3,26339,5,75066.15,Cash,Yes,2026-05-01,1,5
2,Taha Moiz,Multan,Furniture,Table,4,38171,10,137415.6,Card,Yes,2026-08-21,12,8
2,Zainab Junaid,Islamabad,Clothing,Pant,4,43764,5,166303.2,Card,No,2026-01-25,18,1
2,James Shahab,Lahore,Furniture,Table,5,8881,5,42184.75,Online,No,2026-08-10,2,8
2,Ali Sohail,Rawalpindi,Furniture,Sofa,4,34283,5,130275.4,Online,Yes,2026-04-19,23,4
2,Tanveer Moiz,Lahore,Clothing,T-shirts,2,23941,15,40699.7,Cash,No,2026-02-23,10,2
2,Eman Qasim,Rawalpindi,Furniture,Sofa,2,12603,20,20164.8,Online,No,2026-02-11,9,2
2,Tanveer Nisar,Peshawar,Sports,Tennis Ball,1,37246,5,35383.7,Card,No,2026-02-20,21,2
2,Peter Nisar,Peshawar,Electronics,Laptop,1,3957,20,3165.6,Online,Yes,2026-03-18,20,3
2,Waleed Azhar,Faisalabad,Furniture,Desk,5,35720,5,169670.0,Cash,No,2026-04-11,2,4
2,Waleed Usmani,Islamabad,Grocery,Bread,2,16294,20,26070.4,Online,No,2026-12-31,16,12
2,Javaid Junaid,Islamabad,Sports,Football,2,44294,10,79729.2,Cash,Yes,2026-01-25,20,1
2,John Tariq,Islamabad,Furniture,Sofa,2,39508,20,63212.8,Cash,No,2026-01-04,28,1
2,Usman Sohail,Islamabad,Furniture,Desk,5,6027,15,25614.75,Card,Yes,2026-07-06,17,7
2,Ali Kamran,Karachi,Electronics,Headphones,2,2198,20,3516.8,Cash,Yes,2026-03-02,4,3
2,Ahmed Usmani,Karachi,Clothing,T-shirts,4,16508,0,66032.0,Cash,No,2026-01-25,15,1
2,John Ahmed,Lahore,Electronics,Mobile,1,39805,15,33834.25,Card,No,2026-07-01,22,7
2,Tanveer Junaid,Lahore,Furniture,Desk,4,46363,10,166906.8,Online,Yes,2026-02-28,26,2
2,Waleed Ahmed,Lahore,Sports,Gloves,1,3109,10,2798.1,Cash,Yes,2026-05-13,13,5
2,Jashaid Qasim,Peshawar,Furniture,Sofa,5,26051,10,117229.5,Cash,No,2026-01-29,20,1
2,Taha Nisar,Islamabad,Furniture,Chair,1,46354,0,46354.0,Online,Yes,2026-07-10,25,7
2,Tanveer Nisar,Islamabad,Clothing,T-shirts,1,10993,5,10443.35,Online,No,2026-02-07,20,2
2,Ahmed Nisar,Rawalpindi,Furniture,Sofa,2,41403,0,82806.0,Card,Yes,2026-10-30,1,10
2,Zulaiha Junaid,Peshawar,Clothing,Shoes,5,46029,0,230145.0,Cash,No,2026-12-23,17,12
2,Waleed Malik,Lahore,Furniture,Chair,1,11906,0,11906.0,Online,No,2026-08-10,15,8
2,Peter Usmani,Lahore,Clothing,Shoes,1,23802,0,23802.0,Cash,No,2026-11-09,3,11
2,Zainab Qamar,Peshawar,Grocery,Rice,2,24612,5,46762.8,Cash,No,2026-06-09,25,6
2,Iqra Malik,Multan,Clothing,Shoes,2,47802,10,86043.6,Online,Yes,2026-12-18,26,12
2,Tanveer Khan,Multan,Grocery,Rice,5,20861,0,104305.0,Online,No,2026-11-21,4,11
2,Javaid Kamran,Karachi,Electronics,SmartWatch,1,33963,15,28868.55,Online,Yes,2026-12-16,18,12
2,Tanveer Junaid,Karachi,Sports,Gloves,4,37179,20,118972.8,Online,No,2026-02-24,26,2
2,Peter Qamar,Faisalabad,Grocery,Rice,5,22441,20,89764.0,Cash,No,2026-06-24,5,6
2,John Malik,Peshawar,Electronics,Mobile,3,39678,10,107130.6,Cash,No,2026-10-15,20,10
2,Zulaiha Usmani,Faisalabad,Grocery,Rice,4,43393,10,156214.8,Card,Yes,2026-10-16,30,10
2,Ali Junaid,Faisalabad,Clothing,T-shirts,5,38135,15,162073.75,Cash,No,2026-07-04,26,7
2,Zulaiha Shahab,Karachi,Furniture,Sofa,3,24846,5,70811.1,Card,No,2026-09-02,4,9
2,Taha Azhar,Lahore,Sports,Basket Ball,4,43021,10,154875.6,Online,Yes,2026-11-26,20,11
2,Waleed Khan,Lahore,Grocery,Bread,4,14357,15,48813.8,Cash,Yes,2026-10-28,11,10
2,John Nisar,Multan,Clothing,T-shirts,3,10056,0,30168.0,Card,Yes,2026-06-24,7,6
2,Ahmed Nisar,Faisalabad,Clothing,Jacket,4,32662,0,130648.0,Online,Yes,2026-01-13,7,1
2,Waleed Junaid,Peshawar,Electronics,SmartWatch,1,10622,5,10090.9,Cash,No,2026-06-06,9,6
2,Usman Shahab,Rawalpindi,Clothing,Shoes,3,2480,10,6696.0,Online,Yes,2026-02-07,19,2
2,Waleed Imran,Peshawar,Furniture,Sofa,1,31308,5,29742.6,Online,Yes,2026-04-18,30,4
2,James Nisar,Islamabad,Sports,Football,1,45224,5,42962.8,Online,No,2026-06-16,21,6
2,Iqra Hashir,Faisalabad,Sports,Gloves,4,38476,10,138513.6,Online,Yes,2026-02-06,23,2
2,Usman Hashir,Multan,Grocery,Rice,1,36679,15,31177.15,Cash,No,2026-02-12,5,2
2,Zain Sohail,Karachi,Furniture,Sofa,4,39716,0,158864.0,Online,No,2026-08-26,24,8
2,Usman Khan,Faisalabad,Furniture,Chair,4,36183,15,123022.2,Online,Yes,2026-12-23,25,12
2,Jashaid Ahmed,Peshawar,Furniture,Desk,4,35988,15,122359.2,Card,Yes,2026-08-11,27,8
2,Usman Hashir,Rawalpindi,Electronics,Mobile,4,37153,0,148612.0,Online,Yes,2026-01-05,7,1
2,John Hashir,Faisalabad,Furniture,Sofa,4,31082,5,118111.6,Cash,Yes,2026-10-19,22,10
2,Eman Kamran,Peshawar,Grocery,Rice,5,32463,15,137967.75,Cash,Yes,2026-04-12,11,4
2,Ahmed Nasir,Multan,Grocery,Rice,5,40433,10,181948.5,Card,Yes,2026-04-01,13,4
2,Ali Qasim,Multan,Grocery,Rice,1,6865,15,5835.25,Card,Yes,2026-04-15,10,4
2,Javaid Nisar,Islamabad,Sports,Tennis Ball,4,38974,20,124716.8,Online,No,2026-05-09,3,5
2,Jashaid Qasim,Islamabad,Electronics,SmartWatch,2,41765,20,66824.0,Cash,No,2026-02-03,12,2
2,Zulaiha Tariq,Multan,Sports,Gloves,4,41152,0,164608.0,Cash,No,2026-04-05,27,4
2,Tanveer Nisar,Lahore,Electronics,Mobile,4,693,10,2494.8,Online,No,2026-07-03,23,7
2,Waleed Junaid,Multan,Furniture,Chair,5,42186,0,210930.0,Online,Yes,2026-08-19,5,8
2,Peter Azhar,Lahore,Clothing,Shoes,3,43889,0,131667.0,Card,No,2026-09-26,19,9
2,Zulaiha Shahab,Multan,Furniture,Desk,1,42340,20,33872.0,Cash,Yes,2026-08-15,28,8
2,Tanveer Shahab,Peshawar,Electronics,Mobile,3,789,20,1893.6,Online,Yes,2026-08-22,9,8
2,Zain Kamran,Peshawar,Sports,Basket Ball,5,20426,5,97023.5,Card,Yes,2026-10-13,6,10
2,Taha Junaid,Faisalabad,Sports,Gloves,3,44821,0,134463.0,Card,No,2026-06-02,1,6
2,Tanveer Azhar,Multan,Furniture,Bed,1,15929,0,15929.0,Card,No,2026-11-16,29,11
2,Zainab Moiz,Rawalpindi,Electronics,Headphones,2,46085,20,73736.0,Cash,No,2026-05-16,26,5
2,Waleed Usmani,Karachi,Electronics,SmartWatch,1,6438,20,5150.4,Card,Yes,2026-01-29,20,1
2,Tanveer Sohail,Rawalpindi,Grocery,Rice,2,3181,20,5089.6,Online,Yes,2026-09-16,28,9
2,Zulaiha Qamar,Peshawar,Sports,Football,3,36105,10,97483.5,Card,No,2026-08-15,12,8
2,Taha Ahmed,Peshawar,Grocery,Milk,3,24984,15,63709.2,Cash,Yes,2026-09-18,28,9
2,Usman Khan,Karachi,Furniture,Sofa,2,21788,20,34860.8,Card,No,2026-03-03,22,3
2,Tanveer Sohail,Islamabad,Clothing,Jacket,1,36037,10,32433.3,Online,Yes,2026-08-08,6,8
2,Zain Khan,Lahore,Furniture,Sofa,1,40432,20,32345.6,Cash,No,2026-03-09,11,3
2,Zain Hashir,Peshawar,Clothing,Pant,4,35174,20,112556.8,Cash,No,2026-10-16,2,10
2,Javaid Qamar,Lahore,Electronics,Laptop,3,15815,5,45072.75,Card,Yes,2026-01-19,17,1
2,Iqra Qamar,Peshawar,Clothing,Shoes,1,19383,0,19383.0,Card,No,2026-11-29,14,11
2,Sara Moiz,Faisalabad,Sports,Basket Ball,4,548,5,2082.4,Card,No,2026-10-03,3,10
2,Zainab Tariq,Faisalabad,Sports,Gloves,1,36844,15,31317.4,Card,Yes,2026-01-17,1,1
2,Javaid Sohail,Lahore,Clothing,Shoes,4,43267,0,173068.0,Cash,Yes,2026-11-04,31,11
2,Tanveer Hashir,Rawalpindi,Furniture,Chair,3,33318,15,84960.9,Card,Yes,2026-07-27,4,7
2,Taha Junaid,Islamabad,Sports,Tennis Ball,3,5462,20,13108.8,Cash,Yes,2026-07-09,21,7
2,Ahmed Moiz,Karachi,Clothing,Jacket,4,17418,5,66188.4,Cash,No,2026-09-21,11,9
2,John Nasir,Lahore,Clothing,T-shirts,3,25722,20,61732.8,Cash,No,2026-07-11,2,7
2,Javaid Kamran,Faisalabad,Electronics,Headphones,1,35094,0,35094.0,Cash,No,2026-07-08,19,7
2,Jashaid Hashir,Multan,Sports,Bat,1,20466,15,17396.1,Card,No,2026-12-29,2,12
2,James Nisar,Multan,Electronics,Headphones,5,44680,5,212230.0,Online,Yes,2026-12-07,29,12
2,John Nasir,Karachi,Grocery,Rice,2,37357,15,63506.9,Cash,Yes,2026-09-08,26,9
2,Zainab Qamar,Faisalabad,Grocery,Eggs,5,32851,10,147829.5,Online,Yes,2026-12-16,20,12
2,Sara Hashir,Rawalpindi,Grocery,Rice,2,27632,10,49737.6,Card,Yes,2026-12-22,10,12
2,Eman Usmani,Multan,Furniture,Table,5,39362,5,186969.5,Online,No,2026-04-23,8,4
2,Peter Tariq,Karachi,Furniture,Desk,1,43394,20,34715.2,Card,No,2026-04-18,16,4
2,Waleed Qasim,Karachi,Electronics,Laptop,4,29492,15,100272.8,Card,No,2026-08-15,28,8
2,Javaid Azhar,Lahore,Clothing,Pant,2,32471,5,61694.9,Cash,Yes,2026-11-03,18,11
2,Eman Moiz,Lahore,Electronics,Headphones,5,42042,10,189189.0,Card,Yes,2026-09-21,25,9
2,Zain Qamar,Peshawar,Electronics,Headphones,3,47279,15,120561.45,Online,Yes,2026-07-23,10,7
2,Eman Moiz,Multan,Electronics,SmartWatch,1,36428,0,36428.0,Cash,No,2026-08-31,7,8
2,Javaid Qasim,Karachi,Grocery,Rice,2,32587,5,61915.3,Cash,No,2026-09-03,13,9
2,Javaid Usmani,Rawalpindi,Electronics,Headphones,2,49177,20,78683.2,Online,Yes,2026-08-23,24,8
2,Zainab Imran,Karachi,Grocery,Rice,1,21471,0,21471.0,Online,Yes,2026-07-11,20,7
2,James Kamran,Peshawar,Sports,Gloves,4,34639,20,110844.8,Online,No,2026-04-28,12,4
2,Eman Kamran,Multan,Electronics,Headphones,3,47866,20,114878.4,Online,No,2026-01-19,28,1
2,Ahmed Hashir,Rawalpindi,Furniture,Table,1,551,10,495.9,Card,No,2026-05-15,1,5
2,Zainab Tariq,Rawalpindi,Electronics,Laptop,1,28346,5,26928.7,Card,No,2026-03-02,14,3
2,John Shahab,Karachi,Electronics,Mobile,5,17954,15,76304.5,Card,No,2026-10-20,17,10
2,John Sohail,Faisalabad,Furniture,Chair,4,7208,0,28832.0,Online,No,2026-01-09,12,1
2,Jashaid Hashir,Islamabad,Furniture,Desk,2,44849,5,85213.1,Online,No,2026-05-15,18,5
2,Javaid Shahab,Karachi,Grocery,Bread,1,13017,15,11064.45,Card,No,2026-05-20,20,5
2,Javaid Azhar,Rawalpindi,Clothing,Shoes,5,37795,5,179526.25,Cash,No,2026-03-22,8,3
2,Taha Nasir,Islamabad,Furniture,Desk,5,46233,10,208048.5,Cash,No,2026-02-08,2,2
2,Zain Hashir,Karachi,Electronics,SmartWatch,1,41706,5,39620.7,Card,Yes,2026-12-09,28,12
2,Iqra Tariq,Islamabad,Sports,Bat,1,2708,10,2437.2,Card,Yes,2026-07-23,8,7
2,Waleed Azhar,Faisalabad,Sports,Bat,4,23300,0,93200.0,Card,No,2026-09-12,8,9
2,Waleed Nasir,Rawalpindi,Furniture,Bed,4,14754,20,47212.8,Online,Yes,2026-07-05,16,7
2,Usman Usmani,Faisalabad,Clothing,Jacket,3,14898,0,44694.0,Cash,Yes,2026-12-11,12,12
2,Eman Khan,Islamabad,Sports,Gloves,3,16766,5,47783.1,Cash,Yes,2026-12-27,6,12
2,Zulaiha Azhar,Rawalpindi,Furniture,Table,5,6717,20,26868.0,Card,Yes,2026-05-08,14,5
2,John Usmani,Islamabad,Grocery,Eggs,1,8986,5,8536.7,Online,No,2026-04-05,5,4
2,Ali Hashir,Rawalpindi,Furniture,Table,4,46063,0,184252.0,Online,No,2026-11-24,5,11
2,Javaid Azhar,Rawalpindi,Clothing,T-shirts,4,25710,20,82272.0,Card,No,2026-11-26,24,11
2,Tanveer Moiz,Lahore,Sports,Wickets,2,18672,5,35476.8,Card,No,2026-12-29,9,12
2,John Tariq,Islamabad,Sports,Tennis Ball,4,40610,15,138074.0,Online,No,2026-03-24,5,3
2,Taha Khan,Islamabad,Grocery,Rice,2,26960,20,43136.0,Cash,Yes,2026-08-21,26,8
2,Usman Moiz,Karachi,Furniture,Bed,3,23407,5,66709.95,Card,Yes,2026-01-23,13,1
2,James Junaid,Peshawar,Sports,Bat,3,18780,5,53523.0,Card,No,2026-01-15,3,1
2,Javaid Malik,Islamabad,Furniture,Desk,3,41306,0,123918.0,Cash,Yes,2026-12-05,23,12
2,Zulaiha Azhar,Islamabad,Grocery,Milk,2,9410,15,15997.0,Online,No,2026-02-07,17,2
2,Zain Shahab,Faisalabad,Furniture,Desk,5,29467,5,139968.25,Card,Yes,2026-09-28,3,9
2,Usman Azhar,Lahore,Electronics,Mobile,4,25333,0,101332.0,Cash,No,2026-10-25,30,10
2,Javaid Imran,Karachi,Clothing,Jacket,5,13590,15,57757.5,Online,No,2026-04-27,15,4
2,Waleed Qamar,Rawalpindi,Furniture,Bed,2,1783,15,3031.1,Card,Yes,2026-12-27,11,12
2,Zainab Qasim,Lahore,Clothing,Shoes,5,15082,0,75410.0,Online,Yes,2026-10-29,2,10
2,Ahmed Imran,Lahore,Sports,Tennis Ball,3,27793,0,83379.0,Card,Yes,2026-10-30,21,10
2,Waleed Qamar,Peshawar,Sports,Tennis Ball,4,34254,5,130165.2,Online,Yes,2026-05-28,3,5
2,Jashaid Malik,Peshawar,Furniture,Bed,5,29011,0,145055.0,Online,No,2026-10-10,7,10
2,Ahmed Ahmed,Islamabad,Grocery,Bread,3,49738,20,119371.2,Cash,Yes,2026-06-21,14,6
2,Sara Qasim,Faisalabad,Sports,Bat,1,36519,0,36519.0,Card,Yes,2026-11-21,2,11
2,Javaid Shahab,Karachi,Grocery,Bread,5,19514,15,82934.5,Cash,Yes,2026-08-24,14,8
2,John Qamar,Multan,Grocery,Eggs,3,4978,5,14187.3,Card,Yes,2026-05-14,10,5
2,Ali Khan,Rawalpindi,Grocery,Rice,1,43641,0,43641.0,Cash,Yes,2026-12-30,23,12
2,Zain Sohail,Islamabad,Sports,Football,4,18099,0,72396.0,Card,No,2026-08-01,17,8
2,Eman Moiz,Multan,Electronics,Mobile,4,35449,10,127616.4,Card,No,2026-11-19,20,11
2,John Sohail,Islamabad,Grocery,Rice,3,42753,5,121846.05,Card,Yes,2026-03-17,3,3
2,Jashaid Azhar,Peshawar,Furniture,Chair,2,30027,10,54048.6,Cash,Yes,2026-07-05,11,7
2,James Moiz,Lahore,Furniture,Desk,4,43631,20,139619.2,Card,Yes,2026-09-27,1,9
2,Zain Qasim,Faisalabad,Sports,Gloves,4,17822,5,67723.6,Online,Yes,2026-08-14,1,8
2,Tanveer Moiz,Multan,Electronics,Mobile,1,41354,10,37218.6,Cash,Yes,2026-10-26,26,10
2,Peter Ahmed,Peshawar,Grocery,Bread,4,37724,10,135806.4,Online,No,2026-01-04,4,1
2,Ali Khan,Multan,Sports,Bat,5,47268,5,224523.0,Card,No,2026-07-25,15,7
2,Usman Junaid,Peshawar,Electronics,Headphones,2,43441,20,69505.6,Online,No,2026-08-11,24,8
2,Jashaid Junaid,Peshawar,Electronics,Mobile,1,27660,10,24894.0,Card,No,2026-12-16,23,12
2,Eman Imran,Lahore,Sports,Tennis Ball,1,47841,10,43056.9,Card,No,2026-10-10,10,10
2,Zainab Nasir,Rawalpindi,Furniture,Chair,3,26261,15,66965.55,Card,Yes,2026-09-29,5,9
2,Zainab Nasir,Faisalabad,Grocery,Eggs,3,38431,0,115293.0,Online,Yes,2026-04-15,14,4
2,Taha Tariq,Peshawar,Sports,Tennis Ball,5,26542,15,112803.5,Online,Yes,2026-05-27,15,5
2,Iqra Shahab,Islamabad,Electronics,Headphones,5,24825,0,124125.0,Card,No,2026-04-14,27,4
2,Iqra Azhar,Faisalabad,Electronics,Mobile,1,12958,20,10366.4,Card,Yes,2026-02-19,19,2
2,Zulaiha Shahab,Peshawar,Electronics,Headphones,2,29016,10,52228.8,Card,No,2026-01-05,27,1
2,Sara Imran,Karachi,Electronics,Headphones,5,43356,5,205941.0,Card,Yes,2026-07-10,3,7
2,Eman Moiz,Islamabad,Electronics,Headphones,2,28349,15,48193.3,Card,No,2026-01-09,6,1
2,John Sohail,Islamabad,Furniture,Sofa,5,9219,0,46095.0,Online,No,2026-11-05,9,11
2,Peter Qasim,Islamabad,Sports,Football,5,12183,0,60915.0,Online,No,2026-12-31,11,12
2,Zainab Qamar,Karachi,Clothing,T-shirts,5,17737,20,70948.0,Online,No,2026-06-03,26,6
2,John Hashir,Rawalpindi,Furniture,Chair,4,36063,0,144252.0,Online,Yes,2026-11-29,20,11
2,Waleed Usmani,Peshawar,Electronics,Headphones,2,562,5,1067.8,Online,No,2026-04-21,9,4
2,James Qasim,Rawalpindi,Electronics,Headphones,1,4396,10,3956.4,Card,Yes,2026-08-22,28,8
2,Peter Nisar,Rawalpindi,Electronics,Laptop,4,37664,5,143123.2,Cash,Yes,2026-08-31,27,8
2,Usman Azhar,Islamabad,Clothing,Shoes,3,30444,5,86765.4,Cash,No,2026-12-22,27,12
2,Zain Khan,Faisalabad,Furniture,Bed,1,5062,20,4049.6,Online,Yes,2026-02-24,13,2
2,Iqra Imran,Faisalabad,Clothing,Shoes,1,43828,15,37253.8,Card,No,2026-02-17,17,2
2,Javaid Malik,Peshawar,Electronics,SmartWatch,5,6959,10,31315.5,Card,Yes,2026-03-27,1,3
2,Ahmed Usmani,Peshawar,Electronics,SmartWatch,2,18737,15,31852.9,Online,No,2026-07-13,14,7
2,Eman Usmani,Lahore,Clothing,Jacket,2,11343,15,19283.1,Cash,Yes,2026-06-21,19,6
2,Jashaid Malik,Multan,Grocery,Bread,1,16694,20,13355.2,Online,Yes,2026-06-29,24,6
2,Javaid Moiz,Faisalabad,Clothing,T-shirts,1,14106,10,12695.4,Card,No,2026-08-18,2,8
2,Zainab Azhar,Rawalpindi,Electronics,Mobile,2,20746,15,35268.2,Cash,Yes,2026-11-26,1,11
2,Taha Usmani,Peshawar,Grocery,Eggs,4,1991,0,7964.0,Card,Yes,2026-04-24,22,4
2,Waleed Azhar,Karachi,Clothing,Jacket,4,29521,20,94467.2,Online,No,2026-09-13,19,9
2,Eman Ahmed,Multan,Grocery,Milk,4,49166,5,186830.8,Online,No,2026-01-09,8,1
2,Waleed Junaid,Karachi,Grocery,Milk,1,2166,0,2166.0,Card,Yes,2026-12-30,19,12
2,Zainab Imran,Lahore,Furniture,Sofa,3,12188,20,29251.2,Cash,No,2026-04-17,5,4
2,Waleed Imran,Faisalabad,Electronics,Headphones,5,4120,20,16480.0,Online,Yes,2026-05-08,30,5
2,Sara Shahab,Lahore,Electronics,Mobile,5,19528,15,82994.0,Online,No,2026-11-09,21,11
2,Zain Hashir,Islamabad,Grocery,Bread,1,32090,20,25672.0,Card,No,2026-03-22,22,3
2,Usman Ahmed,Islamabad,Furniture,Table,3,1318,15,3360.9,Online,No,2026-09-08,9,9
2,Tanveer Imran,Faisalabad,Clothing,T-shirts,2,45081,10,81145.8,Cash,No,2026-05-05,5,5
2,Ahmed Kamran,Multan,Furniture,Chair,2,5527,5,10501.3,Online,Yes,2026-09-13,8,9
2,James Sohail,Karachi,Furniture,Table,1,24681,0,24681.0,Online,Yes,2026-08-17,28,8
2,Zainab Ahmed,Faisalabad,Sports,Bat,3,32930,0,98790.0,Card,No,2026-10-02,1,10
2,Zainab Tariq,Islamabad,Grocery,Milk,2,34457,15,58576.9,Online,Yes,2026-10-15,29,10
2,Zulaiha Qamar,Multan,Grocery,Bread,1,12906,0,12906.0,Card,Yes,2026-04-03,20,4
2,Javaid Tariq,Multan,Electronics,SmartWatch,5,15132,0,75660.0,Online,Yes,2026-06-16,10,6
2,Taha Qasim,Peshawar,Clothing,Pant,3,5162,0,15486.0,Online,Yes,2026-04-22,19,4
2,Taha Khan,Lahore,Clothing,Jacket,2,4601,10,8281.8,Cash,No,2026-08-11,21,8
2,Ali Tariq,Karachi,Sports,Gloves,1,18122,10,16309.8,Cash,Yes,2026-07-30,25,7
2,Javaid Nisar,Karachi,Clothing,Jacket,4,46037,5,174940.6,Cash,Yes,2026-04-05,28,4
2,Eman Moiz,Islamabad,Electronics,Mobile,3,3922,20,9412.8,Online,Yes,2026-01-02,17,1
2,Usman Khan,Peshawar,Furniture,Desk,5,41851,20,167404.0,Online,Yes,2026-03-22,13,3
2,Tanveer Khan,Karachi,Grocery,Milk,2,37248,10,67046.4,Cash,No,2026-12-13,2,12
2,Sara Junaid,Islamabad,Grocery,Milk,1,31476,5,29902.2,Card,Yes,2026-04-10,16,4
2,Zulaiha Moiz,Karachi,Electronics,Laptop,2,1260,5,2394.0,Online,No,2026-01-10,25,1
2,Iqra Shahab,Faisalabad,Clothing,Pant,3,41208,5,117442.8,Online,Yes,2026-06-11,21,6
2,Jashaid Tariq,Karachi,Furniture,Table,1,48231,15,40996.35,Card,Yes,2026-11-29,9,11
2,John Hashir,Multan,Clothing,Jacket,1,24937,20,19949.6,Card,No,2026-10-22,29,10
2,John Qasim,Multan,Furniture,Chair,2,49540,10,89172.0,Card,No,2026-09-07,23,9
2,John Imran,Karachi,Furniture,Table,3,2280,5,6498.0,Cash,No,2026-06-18,11,6
2,Sara Nisar,Multan,Sports,Football,5,37302,10,167859.0,Card,No,2026-12-04,29,12
2,Sara Azhar,Rawalpindi,Sports,Bat,4,47172,20,150950.4,Card,No,2026-03-18,29,3
2,Waleed Ahmed,Rawalpindi,Furniture,Desk,5,12731,10,57289.5,Card,No,2026-10-19,25,10
2,Sara Nisar,Rawalpindi,Grocery,Rice,3,5558,15,14172.9,Online,No,2026-01-29,29,1
2,Zulaiha Nisar,Multan,Sports,Tennis Ball,2,32072,0,64144.0,Card,Yes,2026-03-22,20,3
2,Zulaiha Kamran,Lahore,Electronics,Headphones,1,6602,15,5611.7,Card,Yes,2026-09-17,18,9
2,Jashaid Ahmed,Islamabad,Electronics,Laptop,4,45949,20,147036.8,Online,Yes,2026-01-05,23,1
2,Ali Imran,Rawalpindi,Grocery,Bread,2,43545,15,74026.5,Cash,No,2026-03-20,22,3
2,Ahmed Kamran,Faisalabad,Clothing,Shoes,1,38378,15,32621.3,Card,Yes,2026-08-08,22,8
2,Sara Malik,Islamabad,Furniture,Sofa,3,47866,0,143598.0,Cash,Yes,2026-10-29,8,10
2,Waleed Tariq,Lahore,Furniture,Desk,3,40842,0,122526.0,Card,No,2026-09-04,22,9
2,Zainab Nasir,Faisalabad,Electronics,Laptop,3,16381,15,41771.55,Card,Yes,2026-04-16,14,4
2,James Qasim,Rawalpindi,Grocery,Milk,4,35890,15,122026.0,Card,Yes,2026-11-02,3,11
2,Zain Malik,Multan,Electronics,SmartWatch,4,41597,5,158068.6,Card,No,2026-09-18,20,9
2,Taha Kamran,Multan,Clothing,Jacket,3,6172,20,14812.8,Online,No,2026-08-28,26,8
2,Tanveer Junaid,Islamabad,Furniture,Table,5,2562,5,12169.5,Cash,Yes,2026-10-26,2,10
2,Jashaid Imran,Rawalpindi,Clothing,Jacket,3,41929,5,119497.65,Online,Yes,2026-10-06,20,10
2,Taha Junaid,Lahore,Sports,Bat,5,14439,10,64975.5,Card,No,2026-02-09,27,2
2,Tanveer Imran,Karachi,Sports,Gloves,5,30432,10,136944.0,Card,No,2026-09-22,15,9
2,Eman Moiz,Karachi,Clothing,T-shirts,4,12110,5,46018.0,Cash,Yes,2026-12-17,16,12
2,Taha Nisar,Rawalpindi,Electronics,Mobile,4,15965,5,60667.0,Cash,No,2026-04-20,10,4
2,Waleed Usmani,Multan,Furniture,Table,2,32026,15,54444.2,Cash,Yes,2026-10-31,11,10
2,Peter Qamar,Peshawar,Sports,Wickets,5,20929,10,94180.5,Card,Yes,2026-05-05,10,5
2,Zainab Hashir,Lahore,Sports,Gloves,3,35105,10,94783.5,Cash,Yes,2026-08-09,15,8
2,Zain Nasir,Lahore,Sports,Tennis Ball,1,12793,15,10874.05,Cash,No,2026-02-21,20,2
2,Eman Moiz,Faisalabad,Sports,Bat,4,16055,10,57798.0,Online,Yes,2026-07-21,24,7
2,Ahmed Qamar,Faisalabad,Sports,Bat,3,26560,20,63744.0,Online,Yes,2026-07-01,6,7
2,Waleed Ahmed,Lahore,Sports,Tennis Ball,3,17802,20,42724.8,Card,No,2026-12-11,6,12
2,Ali Nasir,Peshawar,Electronics,SmartWatch,3,8171,10,22061.7,Online,Yes,2026-01-15,12,1
2,Tanveer Qasim,Peshawar,Electronics,SmartWatch,3,48244,5,137495.4,Online,No,2026-11-22,19,11
2,Javaid Junaid,Lahore,Electronics,Laptop,4,28089,0,112356.0,Cash,Yes,2026-07-18,27,7
2,Taha Imran,Rawalpindi,Electronics,Headphones,5,27695,20,110780.0,Cash,Yes,2026-07-03,17,7
2,Usman Malik,Islamabad,Furniture,Chair,4,39432,5,149841.6,Cash,No,2026-07-23,2,7
2,Taha Junaid,Multan,Electronics,Laptop,1,23484,0,23484.0,Online,Yes,2026-01-22,17,1
2,Javaid Qasim,Peshawar,Electronics,Headphones,2,10224,15,17380.8,Card,Yes,2026-01-20,17,1
2,Usman Azhar,Islamabad,Grocery,Milk,5,34419,15,146280.75,Card,No,2026-05-28,14,5
2,Sara Imran,Rawalpindi,Sports,Football,1,26874,20,21499.2,Online,No,2026-10-15,14,10
2,Zulaiha Qasim,Faisalabad,Clothing,Pant,4,19842,20,63494.4,Card,Yes,2026-04-25,3,4
2,Jashaid Moiz,Rawalpindi,Furniture,Sofa,4,21897,20,70070.4,Cash,Yes,2026-10-24,8,10
2,Waleed Tariq,Peshawar,Sports,Wickets,5,9519,5,45215.25,Card,No,2026-06-21,19,6
2,Taha Moiz,Peshawar,Furniture,Table,1,6168,20,4934.4,Online,Yes,2026-09-02,16,9
2,Zain Imran,Rawalpindi,Furniture,Table,5,27199,5,129195.25,Online,No,2026-08-31,28,8
2,Jashaid Nisar,Lahore,Furniture,Table,5,792,10,3564.0,Online,Yes,2026-11-12,26,11
2,Peter Qamar,Lahore,Clothing,T-shirts,5,7881,10,35464.5,Card,No,2026-04-19,16,4
2,James Usmani,Lahore,Grocery,Rice,5,41570,10,187065.0,Card,Yes,2026-02-28,6,2
2,James Imran,Multan,Grocery,Milk,5,16545,5,78588.75,Online,No,2026-03-19,11,3
2,Zain Kamran,Lahore,Electronics,Headphones,4,29646,15,100796.4,Card,No,2026-12-02,1,12
2,John Qasim,Faisalabad,Sports,Tennis Ball,1,28629,15,24334.65,Card,Yes,2026-02-27,3,2
2,Jashaid Sohail,Faisalabad,Clothing,Jacket,2,30904,20,49446.4,Cash,No,2026-08-30,10,8
2,Zainab Qamar,Rawalpindi,Clothing,Jacket,1,36346,5,34528.7,Card,Yes,2026-06-07,7,6
2,John Sohail,Lahore,Clothing,Jacket,2,43827,5,83271.3,Card,No,2026-11-24,15,11
2,Iqra Moiz,Karachi,Sports,Wickets,2,25041,0,50082.0,Cash,Yes,2026-12-08,5,12
2,Ali Ahmed,Lahore,Furniture,Bed,2,32661,10,58789.8,Card,No,2026-03-17,9,3
2,Eman Qamar,Islamabad,Sports,Gloves,4,45657,5,173496.6,Card,No,2026-03-18,10,3
2,Eman Junaid,Islamabad,Grocery,Bread,3,28430,5,81025.5,Card,Yes,2026-05-29,10,5
2,James Moiz,Karachi,Furniture,Table,3,14927,20,35824.8,Cash,No,2026-07-07,23,7
2,Taha Nasir,Karachi,Electronics,Headphones,1,48369,20,38695.2,Online,No,2026-10-17,12,10
2,Zulaiha Khan,Multan,Clothing,T-shirts,3,42108,15,107375.4,Cash,Yes,2026-03-02,27,3
2,Waleed Moiz,Peshawar,Grocery,Milk,2,10730,15,18241.0,Online,Yes,2026-11-10,18,11
2,Tanveer Nisar,Rawalpindi,Electronics,Headphones,4,25933,15,88172.2,Cash,Yes,2026-08-20,11,8
2,Waleed Qasim,Islamabad,Sports,Bat,3,47924,20,115017.6,Cash,Yes,2026-07-03,21,7
2,Tanveer Ahmed,Multan,Clothing,Pant,1,29376,5,27907.2,Cash,Yes,2026-06-25,6,6
2,Sara Nisar,Rawalpindi,Electronics,SmartWatch,2,47859,5,90932.1,Card,Yes,2026-04-08,5,4
2,Ali Qamar,Peshawar,Electronics,SmartWatch,4,38406,10,138261.6,Cash,No,2026-11-30,13,11
2,Ali Ahmed,Faisalabad,Clothing,Jacket,1,7781,15,6613.85,Cash,Yes,2026-02-19,27,2
2,Usman Nasir,Karachi,Furniture,Sofa,1,46688,10,42019.2,Online,No,2026-03-25,26,3
2,Peter Nasir,Lahore,Electronics,Laptop,5,7715,15,32788.75,Card,No,2026-04-05,20,4
2,Ali Tariq,Multan,Furniture,Sofa,1,41732,5,39645.4,Cash,No,2026-11-09,5,11
2,Waleed Ahmed,Rawalpindi,Clothing,Shoes,4,29164,15,99157.6,Card,Yes,2026-05-26,5,5
2,Waleed Shahab,Islamabad,Sports,Tennis Ball,5,26159,0,130795.0,Cash,No,2026-11-14,11,11
2,Ali Tariq,Lahore,Sports,Tennis Ball,1,25422,5,24150.9,Online,No,2026-07-07,21,7
2,Eman Azhar,Islamabad,Electronics,SmartWatch,1,17963,0,17963.0,Cash,No,2026-08-29,13,8
2,Ahmed Sohail,Rawalpindi,Grocery,Milk,3,37226,0,111678.0,Card,No,2026-09-24,11,9
2,Waleed Malik,Rawalpindi,Sports,Football,5,31774,20,127096.0,Online,No,2026-12-04,29,12
2,Ahmed Sohail,Faisalabad,Grocery,Milk,5,22481,20,89924.0,Online,Yes,2026-05-29,17,5
2,Ali Malik,Multan,Clothing,Pant,4,6934,0,27736.0,Card,Yes,2026-01-02,20,1
2,Waleed Usmani,Multan,Grocery,Bread,4,14129,0,56516.0,Card,Yes,2026-05-28,6,5
2,Jashaid Imran,Multan,Sports,Bat,4,5750,20,18400.0,Cash,No,2026-09-21,26,9
2,Taha Moiz,Peshawar,Clothing,Shoes,1,43588,10,39229.2,Online,Yes,2026-03-24,5,3
2,Eman Moiz,Faisalabad,Furniture,Bed,4,49638,0,198552.0,Online,Yes,2026-11-25,28,11
2,Sara Shahab,Karachi,Electronics,SmartWatch,2,13067,5,24827.3,Cash,Yes,2026-03-09,1,3
2,John Khan,Lahore,Furniture,Table,4,47164,0,188656.0,Cash,Yes,2026-08-23,2,8
2,Taha Usmani,Lahore,Clothing,Jacket,4,3639,15,12372.6,Cash,No,2026-12-19,18,12
2,James Shahab,Rawalpindi,Grocery,Rice,2,600,20,960.0,Cash,No,2026-08-14,6,8
2,Jashaid Ahmed,Islamabad,Clothing,Pant,3,32901,0,98703.0,Online,Yes,2026-01-24,23,1
2,Ali Tariq,Lahore,Sports,Football,4,46141,5,175335.8,Card,Yes,2026-09-25,7,9
2,Eman Malik,Lahore,Furniture,Sofa,5,26683,20,106732.0,Cash,No,2026-05-04,26,5
2,Peter Nasir,Rawalpindi,Grocery,Milk,1,22113,10,19901.7,Cash,Yes,2026-04-10,22,4
2,Ali Malik,Lahore,Grocery,Eggs,5,39598,10,178191.0,Cash,Yes,2026-09-18,23,9
2,Usman Ahmed,Islamabad,Electronics,SmartWatch,3,3603,15,9187.65,Online,Yes,2026-07-03,14,7
2,John Moiz,Rawalpindi,Clothing,Jacket,4,3123,20,9993.6,Online,No,2026-09-24,12,9
2,Iqra Nasir,Multan,Electronics,Laptop,5,46682,5,221739.5,Online,No,2026-07-03,3,7
2,James Azhar,Islamabad,Furniture,Desk,4,25008,10,90028.8,Card,No,2026-03-21,11,3
2,Usman Malik,Peshawar,Electronics,Headphones,4,6041,10,21747.6,Card,No,2026-08-09,3,8
2,Zulaiha Azhar,Multan,Sports,Basket Ball,3,10237,15,26104.35,Card,No,2026-05-31,6,5
2,John Khan,Multan,Sports,Bat,5,26258,0,131290.0,Cash,Yes,2026-06-29,10,6
2,Jashaid Tariq,Rawalpindi,Clothing,T-shirts,1,3420,10,3078.0,Online,No,2026-07-05,27,7
2,Iqra Sohail,Faisalabad,Clothing,T-shirts,5,35415,10,159367.5,Online,Yes,2026-06-30,14,6
2,Sara Nisar,Peshawar,Furniture,Desk,1,40843,5,38800.85,Cash,Yes,2026-04-18,16,4
2,Peter Malik,Faisalabad,Grocery,Milk,5,47041,5,223444.75,Online,Yes,2026-03-01,20,3
2,Zain Nisar,Peshawar,Grocery,Rice,3,26006,10,70216.2,Cash,Yes,2026-09-13,2,9
2,Tanveer Ahmed,Multan,Sports,Football,2,21540,20,34464.0,Card,Yes,2026-11-28,19,11
2,Tanveer Imran,Multan,Clothing,Jacket,3,16576,5,47241.6,Card,Yes,2026-11-03,6,11
2,Jashaid Kamran,Lahore,Clothing,Jacket,4,15280,20,48896.0,Online,Yes,2026-03-06,29,3
2,Waleed Nasir,Rawalpindi,Sports,Tennis Ball,3,9671,5,27562.35,Online,No,2026-12-20,9,12
2,Jashaid Shahab,Islamabad,Grocery,Bread,1,26773,5,25434.35,Online,No,2026-04-23,10,4
2,Sara Kamran,Rawalpindi,Clothing,T-shirts,5,41599,20,166396.0,Online,Yes,2026-07-05,17,7
2,Zain Hashir,Rawalpindi,Clothing,Shoes,4,4563,20,14601.6,Online,Yes,2026-02-25,22,2
2,Usman Junaid,Multan,Grocery,Eggs,3,7168,10,19353.6,Card,No,2026-09-20,22,9
2,John Shahab,Lahore,Clothing,T-shirts,4,8720,20,27904.0,Cash,Yes,2026-12-04,28,12
2,Tanveer Shahab,Islamabad,Clothing,T-shirts,1,19333,15,16433.05,Cash,Yes,2026-08-18,12,8
2,Ahmed Moiz,Lahore,Clothing,Shoes,2,24261,5,46095.9,Online,Yes,2026-03-18,29,3
2,Ali Junaid,Rawalpindi,Clothing,Jacket,5,47881,15,203494.25,Online,Yes,2026-10-15,13,10
2,Zulaiha Khan,Rawalpindi,Electronics,Mobile,4,42984,15,146145.6,Cash,No,2026-02-24,2,2
2,Waleed Imran,Rawalpindi,Grocery,Eggs,1,21888,20,17510.4,Card,No,2026-06-22,3,6
2,Eman Shahab,Multan,Sports,Gloves,2,3320,20,5312.0,Cash,No,2026-10-05,11,10
2,Zain Qasim,Islamabad,Sports,Tennis Ball,3,8761,20,21026.4,Online,Yes,2026-03-15,11,3
2,Tanveer Azhar,Peshawar,Sports,Bat,5,29513,20,118052.0,Cash,No,2026-10-23,22,10
2,Zulaiha Qasim,Islamabad,Furniture,Table,5,30433,5,144556.75,Cash,Yes,2026-03-24,15,3
2,Ahmed Usmani,Lahore,Clothing,Jacket,3,48998,10,132294.6,Card,No,2026-08-14,3,8
2,Sara Ahmed,Islamabad,Clothing,T-shirts,3,36539,15,93174.45,Cash,Yes,2026-07-07,30,7
2,Usman Sohail,Multan,Grocery,Eggs,4,34743,10,125074.8,Online,No,2026-11-30,20,11
2,Zain Qasim,Lahore,Furniture,Bed,1,37040,5,35188.0,Card,Yes,2026-06-15,3,6
2,Sara Moiz,Rawalpindi,Clothing,Jacket,2,7356,10,13240.8,Online,Yes,2026-12-07,4,12
2,Ali Sohail,Peshawar,Furniture,Desk,5,38741,0,193705.0,Online,Yes,2026-04-06,8,4
2,Sara Nasir,Peshawar,Furniture,Table,3,22237,5,63375.45,Online,Yes,2026-12-03,30,12
2,Iqra Khan,Rawalpindi,Sports,Basket Ball,4,21579,15,73368.6,Cash,No,2026-04-04,6,4
2,Jashaid Qasim,Faisalabad,Electronics,SmartWatch,1,24958,20,19966.4,Card,Yes,2026-06-08,28,6
2,Javaid Qasim,Rawalpindi,Furniture,Sofa,1,31417,5,29846.15,Card,Yes,2026-07-01,24,7
2,Sara Qamar,Faisalabad,Grocery,Milk,4,23829,15,81018.6,Cash,Yes,2026-05-29,24,5
2,Usman Ahmed,Multan,Furniture,Table,4,22271,0,89084.0,Cash,Yes,2026-05-17,5,5
2,Zulaiha Tariq,Faisalabad,Furniture,Sofa,5,39969,20,159876.0,Card,Yes,2026-03-09,28,3
2,Peter Kamran,Multan,Clothing,Pant,5,2106,20,8424.0,Card,No,2026-08-27,24,8
2,Jashaid Imran,Faisalabad,Electronics,Headphones,3,3950,0,11850.0,Cash,Yes,2026-05-31,26,5
2,Jashaid Imran,Rawalpindi,Electronics,Mobile,3,41084,15,104764.2,Cash,Yes,2026-06-28,11,6
2,Zainab Ahmed,Karachi,Electronics,SmartWatch,4,17081,20,54659.2,Card,Yes,2026-07-05,13,7
2,Tanveer Sohail,Multan,Sports,Football,2,29444,20,47110.4,Online,No,2026-08-17,2,8
2,Peter Qasim,Faisalabad,Clothing,Jacket,5,22767,5,108143.25,Card,No,2026-12-27,26,12
2,Usman Kamran,Faisalabad,Clothing,Shoes,2,25416,15,43207.2,Cash,No,2026-07-26,17,7
2,Zainab Ahmed,Islamabad,Sports,Wickets,4,33841,20,108291.2,Online,Yes,2026-12-14,24,12
2,Javaid Sohail,Peshawar,Sports,Bat,5,5353,20,21412.0,Online,No,2026-08-30,23,8
2,Zainab Azhar,Rawalpindi,Furniture,Chair,5,22010,5,104547.5,Online,No,2026-08-10,15,8
2,Waleed Qamar,Karachi,Electronics,Mobile,5,893,0,4465.0,Cash,Yes,2026-11-08,4,11
2,Iqra Tariq,Multan,Clothing,Shoes,4,4893,20,15657.6,Card,Yes,2026-05-18,18,5
2,James Nasir,Lahore,Electronics,SmartWatch,1,39908,20,31926.4,Cash,Yes,2026-04-02,8,4
2,John Nisar,Islamabad,Sports,Football,3,40432,0,121296.0,Card,No,2026-04-06,9,4
